timestamp,open,high,low,close,volume
2024-01-01T00:00:00+00:00,1.10000,1.10005,1.09988,1.09991,132
2024-01-01T00:15:00+00:00,1.09991,1.10062,1.09935,1.10034,124
2024-01-01T00:30:00+00:00,1.10034,1.10038,1.10003,1.10022,388
2024-01-01T00:45:00+00:00,1.10022,1.10067,1.10018,1.10047,359
2024-01-01T01:00:00+00:00,1.10047,1.10063,1.09980,1.09991,161
2024-01-01T01:15:00+00:00,1.09991,1.10120,1.09965,1.10112,159
2024-01-01T01:30:00+00:00,1.10112,1.10185,1.10088,1.10136,263
2024-01-01T01:45:00+00:00,1.10136,1.10197,1.10102,1.10173,102
2024-01-01T02:00:00+00:00,1.10173,1.10210,1.10138,1.10166,362
2024-01-01T02:15:00+00:00,1.10166,1.10178,1.10119,1.10160,265
2024-01-01T02:30:00+00:00,1.10160,1.10181,1.10059,1.10080,228
2024-01-01T02:45:00+00:00,1.10080,1.10155,1.10075,1.10096,131
2024-01-01T03:00:00+00:00,1.10096,1.10119,1.10043,1.10052,261
2024-01-01T03:15:00+00:00,1.10052,1.10058,1.10002,1.10025,116
2024-01-01T03:30:00+00:00,1.10025,1.10037,1.09999,1.10001,274
2024-01-01T03:45:00+00:00,1.10001,1.10010,1.09903,1.09971,365
2024-01-01T04:00:00+00:00,1.09971,1.10012,1.09970,1.09986,96
2024-01-01T04:15:00+00:00,1.09986,1.09997,1.09943,1.09972,113
2024-01-01T04:30:00+00:00,1.09972,1.10082,1.09953,1.10013,335
2024-01-01T04:45:00+00:00,1.10013,1.10065,1.09942,1.09982,314
2024-01-01T05:00:00+00:00,1.09982,1.10022,1.09981,1.10009,379
2024-01-01T05:15:00+00:00,1.10009,1.10045,1.09925,1.09942,265
2024-01-01T05:30:00+00:00,1.09942,1.10091,1.09929,1.09989,104
2024-01-01T05:45:00+00:00,1.09989,1.10006,1.09976,1.09995,161
2024-01-01T06:00:00+00:00,1.09995,1.10050,1.09968,1.10019,319
2024-01-01T06:15:00+00:00,1.10019,1.10129,1.10005,1.10051,85
2024-01-01T06:30:00+00:00,1.10051,1.10064,1.10009,1.10047,254
2024-01-01T06:45:00+00:00,1.10047,1.10071,1.09969,1.09989,312
2024-01-01T07:00:00+00:00,1.09989,1.10095,1.09974,1.10094,171
2024-01-01T07:15:00+00:00,1.10094,1.10109,1.09946,1.09947,400
2024-01-01T07:30:00+00:00,1.09947,1.09987,1.09917,1.09931,162
2024-01-01T07:45:00+00:00,1.09931,1.09981,1.09906,1.09919,351
2024-01-01T08:00:00+00:00,1.09919,1.10020,1.09905,1.10000,265
2024-01-01T08:15:00+00:00,1.10000,1.10054,1.09961,1.10013,237
2024-01-01T08:30:00+00:00,1.10013,1.10050,1.10002,1.10028,328
2024-01-01T08:45:00+00:00,1.10028,1.10062,1.09952,1.10029,352
2024-01-01T09:00:00+00:00,1.10029,1.10060,1.09992,1.10044,215
2024-01-01T09:15:00+00:00,1.10044,1.10108,1.10037,1.10068,188
2024-01-01T09:30:00+00:00,1.10068,1.10193,1.10050,1.10171,284
2024-01-01T09:45:00+00:00,1.10171,1.10215,1.10094,1.10096,304
2024-01-01T10:00:00+00:00,1.10096,1.10181,1.10096,1.10162,90
2024-01-01T10:15:00+00:00,1.10162,1.10216,1.10151,1.10197,192
2024-01-01T10:30:00+00:00,1.10197,1.10307,1.10187,1.10305,96
2024-01-01T10:45:00+00:00,1.10305,1.10334,1.10296,1.10327,201
2024-01-01T11:00:00+00:00,1.10327,1.10363,1.10280,1.10329,372
2024-01-01T11:15:00+00:00,1.10329,1.10349,1.10310,1.10320,322
2024-01-01T11:30:00+00:00,1.10320,1.10367,1.10294,1.10349,296
2024-01-01T11:45:00+00:00,1.10349,1.10452,1.10317,1.10401,107
2024-01-01T12:00:00+00:00,1.10401,1.10477,1.10311,1.10336,253
2024-01-01T12:15:00+00:00,1.10336,1.10392,1.10323,1.10387,178
2024-01-01T12:30:00+00:00,1.10387,1.10458,1.10366,1.10428,207
2024-01-01T12:45:00+00:00,1.10428,1.10475,1.10419,1.10467,361
2024-01-01T13:00:00+00:00,1.10467,1.10580,1.10462,1.10555,127
2024-01-01T13:15:00+00:00,1.10555,1.10622,1.10529,1.10570,165
2024-01-01T13:30:00+00:00,1.10570,1.10589,1.10487,1.10530,164
2024-01-01T13:45:00+00:00,1.10530,1.10593,1.10390,1.10450,215
2024-01-01T14:00:00+00:00,1.10450,1.10586,1.10440,1.10562,364
2024-01-01T14:15:00+00:00,1.10562,1.10689,1.10533,1.10671,177
2024-01-01T14:30:00+00:00,1.10671,1.10747,1.10611,1.10644,240
2024-01-01T14:45:00+00:00,1.10644,1.10681,1.10613,1.10627,337
2024-01-01T15:00:00+00:00,1.10627,1.10729,1.10594,1.10711,175
2024-01-01T15:15:00+00:00,1.10711,1.10765,1.10706,1.10755,200
2024-01-01T15:30:00+00:00,1.10755,1.10796,1.10622,1.10657,100
2024-01-01T15:45:00+00:00,1.10657,1.10680,1.10623,1.10644,378
2024-01-01T16:00:00+00:00,1.10644,1.10654,1.10613,1.10616,240
2024-01-01T16:15:00+00:00,1.10616,1.10728,1.10586,1.10726,233
2024-01-01T16:30:00+00:00,1.10726,1.10744,1.10610,1.10614,398
2024-01-01T16:45:00+00:00,1.10614,1.10732,1.10613,1.10632,117
2024-01-01T17:00:00+00:00,1.10632,1.10640,1.10565,1.10584,115
2024-01-01T17:15:00+00:00,1.10584,1.10668,1.10564,1.10647,160
2024-01-01T17:30:00+00:00,1.10647,1.10661,1.10571,1.10599,350
2024-01-01T17:45:00+00:00,1.10599,1.10840,1.10597,1.10785,233
2024-01-01T18:00:00+00:00,1.10785,1.10839,1.10768,1.10833,134
2024-01-01T18:15:00+00:00,1.10833,1.10834,1.10806,1.10823,224
2024-01-01T18:30:00+00:00,1.10823,1.10852,1.10759,1.10771,215
2024-01-01T18:45:00+00:00,1.10771,1.10899,1.10770,1.10876,106
2024-01-01T19:00:00+00:00,1.10876,1.10969,1.10875,1.10952,146
2024-01-01T19:15:00+00:00,1.10952,1.10996,1.10934,1.10981,306
2024-01-01T19:30:00+00:00,1.10981,1.10991,1.10933,1.10945,156
2024-01-01T19:45:00+00:00,1.10945,1.11026,1.10929,1.10971,378
2024-01-01T20:00:00+00:00,1.10971,1.10981,1.10908,1.10936,100
2024-01-01T20:15:00+00:00,1.10936,1.10992,1.10923,1.10975,207
2024-01-01T20:30:00+00:00,1.10975,1.11000,1.10916,1.10973,397
2024-01-01T20:45:00+00:00,1.10973,1.10973,1.10885,1.10953,201
2024-01-01T21:00:00+00:00,1.10953,1.11149,1.10930,1.11087,92
2024-01-01T21:15:00+00:00,1.11087,1.11117,1.10937,1.10998,290
2024-01-01T21:30:00+00:00,1.10998,1.11120,1.10990,1.11063,135
2024-01-01T21:45:00+00:00,1.11063,1.11070,1.11040,1.11046,320
2024-01-01T22:00:00+00:00,1.11046,1.11146,1.11021,1.11092,196
2024-01-01T22:15:00+00:00,1.11092,1.11139,1.11048,1.11131,284
2024-01-01T22:30:00+00:00,1.11131,1.11184,1.11078,1.11102,340
2024-01-01T22:45:00+00:00,1.11102,1.11188,1.11052,1.11120,354
2024-01-01T23:00:00+00:00,1.11120,1.11147,1.11103,1.11140,377
2024-01-01T23:15:00+00:00,1.11140,1.11163,1.11130,1.11136,135
2024-01-01T23:30:00+00:00,1.11136,1.11152,1.11111,1.11119,341
2024-01-01T23:45:00+00:00,1.11119,1.11167,1.11042,1.11084,177
2024-01-02T00:00:00+00:00,1.11084,1.11157,1.11016,1.11110,355
2024-01-02T00:15:00+00:00,1.11110,1.11168,1.11045,1.11141,180
2024-01-02T00:30:00+00:00,1.11141,1.11163,1.11127,1.11155,240
2024-01-02T00:45:00+00:00,1.11155,1.11163,1.11125,1.11138,233
2024-01-02T01:00:00+00:00,1.11138,1.11140,1.11058,1.11079,363
2024-01-02T01:15:00+00:00,1.11079,1.11213,1.11056,1.11191,274
2024-01-02T01:30:00+00:00,1.11191,1.11249,1.11145,1.11164,360
2024-01-02T01:45:00+00:00,1.11164,1.11177,1.11138,1.11161,187
2024-01-02T02:00:00+00:00,1.11161,1.11177,1.11101,1.11120,306
2024-01-02T02:15:00+00:00,1.11120,1.11136,1.11063,1.11095,166
2024-01-02T02:30:00+00:00,1.11095,1.11120,1.11073,1.11099,127
2024-01-02T02:45:00+00:00,1.11099,1.11120,1.11013,1.11059,238
2024-01-02T03:00:00+00:00,1.11059,1.11116,1.11037,1.11096,323
2024-01-02T03:15:00+00:00,1.11096,1.11174,1.11063,1.11135,313
2024-01-02T03:30:00+00:00,1.11135,1.11157,1.11078,1.11094,333
2024-01-02T03:45:00+00:00,1.11094,1.11227,1.11084,1.11213,82
2024-01-02T04:00:00+00:00,1.11213,1.11375,1.11174,1.11338,192
2024-01-02T04:15:00+00:00,1.11338,1.11372,1.11234,1.11302,345
2024-01-02T04:30:00+00:00,1.11302,1.11310,1.11246,1.11260,148
2024-01-02T04:45:00+00:00,1.11260,1.11291,1.11217,1.11277,366
2024-01-02T05:00:00+00:00,1.11277,1.11319,1.11157,1.11189,338
2024-01-02T05:15:00+00:00,1.11189,1.11247,1.11141,1.11170,308
2024-01-02T05:30:00+00:00,1.11170,1.11312,1.11147,1.11282,206
2024-01-02T05:45:00+00:00,1.11282,1.11336,1.11262,1.11323,346
2024-01-02T06:00:00+00:00,1.11323,1.11325,1.11269,1.11313,200
2024-01-02T06:15:00+00:00,1.11313,1.11385,1.11287,1.11381,356
2024-01-02T06:30:00+00:00,1.11381,1.11454,1.11369,1.11445,189
2024-01-02T06:45:00+00:00,1.11445,1.11531,1.11433,1.11503,357
2024-01-02T07:00:00+00:00,1.11503,1.11518,1.11488,1.11516,379
2024-01-02T07:15:00+00:00,1.11516,1.11522,1.11497,1.11499,374
2024-01-02T07:30:00+00:00,1.11499,1.11531,1.11469,1.11529,294
2024-01-02T07:45:00+00:00,1.11529,1.11692,1.11517,1.11644,388
2024-01-02T08:00:00+00:00,1.11644,1.11756,1.11639,1.11735,279
2024-01-02T08:15:00+00:00,1.11735,1.11862,1.11696,1.11839,287
2024-01-02T08:30:00+00:00,1.11839,1.11912,1.11765,1.11855,353
2024-01-02T08:45:00+00:00,1.11855,1.11885,1.11804,1.11809,368
2024-01-02T09:00:00+00:00,1.11809,1.11843,1.11755,1.11832,173
2024-01-02T09:15:00+00:00,1.11832,1.11948,1.11823,1.11920,188
2024-01-02T09:30:00+00:00,1.11920,1.11928,1.11886,1.11904,295
2024-01-02T09:45:00+00:00,1.11904,1.11907,1.11891,1.11906,89
2024-01-02T10:00:00+00:00,1.11906,1.11952,1.11886,1.11943,115
2024-01-02T10:15:00+00:00,1.11943,1.11975,1.11900,1.11966,95
2024-01-02T10:30:00+00:00,1.11966,1.12047,1.11949,1.12041,144
2024-01-02T10:45:00+00:00,1.12041,1.12096,1.12038,1.12082,191
2024-01-02T11:00:00+00:00,1.12082,1.12087,1.12046,1.12073,138
2024-01-02T11:15:00+00:00,1.12073,1.12174,1.12056,1.12170,239
2024-01-02T11:30:00+00:00,1.12170,1.12222,1.12153,1.12218,272
2024-01-02T11:45:00+00:00,1.12218,1.12377,1.12189,1.12339,118
2024-01-02T12:00:00+00:00,1.12339,1.12370,1.12279,1.12281,234
2024-01-02T12:15:00+00:00,1.12281,1.12435,1.12249,1.12411,141
2024-01-02T12:30:00+00:00,1.12411,1.12508,1.12376,1.12471,269
2024-01-02T12:45:00+00:00,1.12471,1.12567,1.12453,1.12528,86
2024-01-02T13:00:00+00:00,1.12528,1.12676,1.12468,1.12631,315
2024-01-02T13:15:00+00:00,1.12631,1.12771,1.12600,1.12763,347
2024-01-02T13:30:00+00:00,1.12763,1.12852,1.12749,1.12847,327
2024-01-02T13:45:00+00:00,1.12847,1.12902,1.12803,1.12816,383
2024-01-02T14:00:00+00:00,1.12816,1.12898,1.12809,1.12840,310
2024-01-02T14:15:00+00:00,1.12840,1.12857,1.12807,1.12856,392
2024-01-02T14:30:00+00:00,1.12856,1.12891,1.12830,1.12868,329
2024-01-02T14:45:00+00:00,1.12868,1.12921,1.12816,1.12908,254
2024-01-02T15:00:00+00:00,1.12908,1.12971,1.12880,1.12932,344
2024-01-02T15:15:00+00:00,1.12932,1.12944,1.12914,1.12918,288
2024-01-02T15:30:00+00:00,1.12918,1.12922,1.12840,1.12856,331
2024-01-02T15:45:00+00:00,1.12856,1.12861,1.12812,1.12814,230
2024-01-02T16:00:00+00:00,1.12814,1.12915,1.12800,1.12869,322
2024-01-02T16:15:00+00:00,1.12869,1.13009,1.12860,1.12983,361
2024-01-02T16:30:00+00:00,1.12983,1.13024,1.12973,1.12976,141
2024-01-02T16:45:00+00:00,1.12976,1.13065,1.12951,1.13061,354
2024-01-02T17:00:00+00:00,1.13061,1.13201,1.13043,1.13187,221
2024-01-02T17:15:00+00:00,1.13187,1.13331,1.13106,1.13318,348
2024-01-02T17:30:00+00:00,1.13318,1.13366,1.13207,1.13219,264
2024-01-02T17:45:00+00:00,1.13219,1.13222,1.13210,1.13215,353
2024-01-02T18:00:00+00:00,1.13215,1.13274,1.13192,1.13267,144
2024-01-02T18:15:00+00:00,1.13267,1.13356,1.13229,1.13324,132
2024-01-02T18:30:00+00:00,1.13324,1.13446,1.13292,1.13418,174
2024-01-02T18:45:00+00:00,1.13418,1.13492,1.13413,1.13470,324
2024-01-02T19:00:00+00:00,1.13470,1.13533,1.13430,1.13526,107
2024-01-02T19:15:00+00:00,1.13526,1.13601,1.13481,1.13570,235
2024-01-02T19:30:00+00:00,1.13570,1.13660,1.13541,1.13648,385
2024-01-02T19:45:00+00:00,1.13648,1.13671,1.13628,1.13666,347
2024-01-02T20:00:00+00:00,1.13666,1.13711,1.13598,1.13610,299
2024-01-02T20:15:00+00:00,1.13610,1.13740,1.13570,1.13726,392
2024-01-02T20:30:00+00:00,1.13726,1.13796,1.13723,1.13792,215
2024-01-02T20:45:00+00:00,1.13792,1.13802,1.13734,1.13748,168
2024-01-02T21:00:00+00:00,1.13748,1.13761,1.13710,1.13755,320
2024-01-02T21:15:00+00:00,1.13755,1.13851,1.13734,1.13845,224
2024-01-02T21:30:00+00:00,1.13845,1.13897,1.13819,1.13866,400
2024-01-02T21:45:00+00:00,1.13866,1.13912,1.13751,1.13780,181
2024-01-02T22:00:00+00:00,1.13780,1.13797,1.13713,1.13753,152
2024-01-02T22:15:00+00:00,1.13753,1.13769,1.13680,1.13688,237
2024-01-02T22:30:00+00:00,1.13688,1.13719,1.13607,1.13635,319
2024-01-02T22:45:00+00:00,1.13635,1.13662,1.13592,1.13645,219
2024-01-02T23:00:00+00:00,1.13645,1.13645,1.13607,1.13615,301
2024-01-02T23:15:00+00:00,1.13615,1.13667,1.13574,1.13663,93
2024-01-02T23:30:00+00:00,1.13663,1.13873,1.13643,1.13832,90
2024-01-02T23:45:00+00:00,1.13832,1.13877,1.13804,1.13804,217
2024-01-03T00:00:00+00:00,1.13804,1.13828,1.13738,1.13754,306
2024-01-03T00:15:00+00:00,1.13754,1.13875,1.13744,1.13859,379
2024-01-03T00:30:00+00:00,1.13859,1.13880,1.13764,1.13797,289
2024-01-03T00:45:00+00:00,1.13797,1.13847,1.13759,1.13824,162
2024-01-03T01:00:00+00:00,1.13824,1.13865,1.13803,1.13820,361
2024-01-03T01:15:00+00:00,1.13820,1.14013,1.13817,1.14000,209
2024-01-03T01:30:00+00:00,1.14000,1.14071,1.13940,1.13969,80
2024-01-03T01:45:00+00:00,1.13969,1.14071,1.13938,1.14050,291
2024-01-03T02:00:00+00:00,1.14050,1.14170,1.14025,1.14158,306
2024-01-03T02:15:00+00:00,1.14158,1.14160,1.14129,1.14149,361
2024-01-03T02:30:00+00:00,1.14149,1.14240,1.14124,1.14222,94
2024-01-03T02:45:00+00:00,1.14222,1.14263,1.14208,1.14215,202
2024-01-03T03:00:00+00:00,1.14215,1.14267,1.14184,1.14242,195
2024-01-03T03:15:00+00:00,1.14242,1.14353,1.14239,1.14287,316
2024-01-03T03:30:00+00:00,1.14287,1.14422,1.14247,1.14408,229
2024-01-03T03:45:00+00:00,1.14408,1.14586,1.14407,1.14562,327
2024-01-03T04:00:00+00:00,1.14562,1.14649,1.14534,1.14646,386
2024-01-03T04:15:00+00:00,1.14646,1.14729,1.14643,1.14667,115
2024-01-03T04:30:00+00:00,1.14667,1.14741,1.14607,1.14689,339
2024-01-03T04:45:00+00:00,1.14689,1.14800,1.14687,1.14800,232
2024-01-03T05:00:00+00:00,1.14800,1.14914,1.14767,1.14880,308
2024-01-03T05:15:00+00:00,1.14880,1.14907,1.14811,1.14818,362
2024-01-03T05:30:00+00:00,1.14818,1.14891,1.14763,1.14862,202
2024-01-03T05:45:00+00:00,1.14862,1.14881,1.14842,1.14851,290
2024-01-03T06:00:00+00:00,1.14851,1.14999,1.14836,1.14986,277
2024-01-03T06:15:00+00:00,1.14986,1.15039,1.14915,1.14919,157
2024-01-03T06:30:00+00:00,1.14919,1.14942,1.14879,1.14942,131
2024-01-03T06:45:00+00:00,1.14942,1.15002,1.14919,1.14979,349
2024-01-03T07:00:00+00:00,1.14979,1.15029,1.14942,1.15027,159
2024-01-03T07:15:00+00:00,1.15027,1.15207,1.15003,1.15161,215
2024-01-03T07:30:00+00:00,1.15161,1.15200,1.15116,1.15150,353
2024-01-03T07:45:00+00:00,1.15150,1.15170,1.15076,1.15094,329
2024-01-03T08:00:00+00:00,1.15094,1.15149,1.15056,1.15144,227
2024-01-03T08:15:00+00:00,1.15144,1.15267,1.15143,1.15217,302
2024-01-03T08:30:00+00:00,1.15217,1.15363,1.15213,1.15356,165
2024-01-03T08:45:00+00:00,1.15356,1.15389,1.15295,1.15367,103
2024-01-03T09:00:00+00:00,1.15367,1.15405,1.15347,1.15396,205
2024-01-03T09:15:00+00:00,1.15396,1.15521,1.15388,1.15483,172
2024-01-03T09:30:00+00:00,1.15483,1.15543,1.15454,1.15532,203
2024-01-03T09:45:00+00:00,1.15532,1.15572,1.15509,1.15509,198
2024-01-03T10:00:00+00:00,1.15509,1.15515,1.15502,1.15502,318
2024-01-03T10:15:00+00:00,1.15502,1.15584,1.15476,1.15548,160
2024-01-03T10:30:00+00:00,1.15548,1.15747,1.15522,1.15714,297
2024-01-03T10:45:00+00:00,1.15714,1.15759,1.15683,1.15747,234
2024-01-03T11:00:00+00:00,1.15747,1.15831,1.15725,1.15803,372
2024-01-03T11:15:00+00:00,1.15803,1.15860,1.15783,1.15844,231
2024-01-03T11:30:00+00:00,1.15844,1.16000,1.15841,1.15993,105
2024-01-03T11:45:00+00:00,1.15993,1.16076,1.15966,1.16034,226
2024-01-03T12:00:00+00:00,1.16034,1.16099,1.16027,1.16077,177
2024-01-03T12:15:00+00:00,1.16077,1.16110,1.16042,1.16074,150
2024-01-03T12:30:00+00:00,1.16074,1.16120,1.16004,1.16020,305
2024-01-03T12:45:00+00:00,1.16020,1.16048,1.16009,1.16015,147
2024-01-03T13:00:00+00:00,1.16015,1.16106,1.16014,1.16093,147
2024-01-03T13:15:00+00:00,1.16093,1.16107,1.16031,1.16091,267
2024-01-03T13:30:00+00:00,1.16091,1.16104,1.15985,1.15996,326
2024-01-03T13:45:00+00:00,1.15996,1.16021,1.15986,1.15991,253
2024-01-03T14:00:00+00:00,1.15991,1.16081,1.15947,1.16049,195
2024-01-03T14:15:00+00:00,1.16049,1.16161,1.16012,1.16130,283
2024-01-03T14:30:00+00:00,1.16130,1.16282,1.16095,1.16271,87
2024-01-03T14:45:00+00:00,1.16271,1.16386,1.16255,1.16385,268
2024-01-03T15:00:00+00:00,1.16385,1.16424,1.16329,1.16378,270
2024-01-03T15:15:00+00:00,1.16378,1.16395,1.16342,1.16355,92
2024-01-03T15:30:00+00:00,1.16355,1.16404,1.16265,1.16285,112
2024-01-03T15:45:00+00:00,1.16285,1.16413,1.16259,1.16391,234
2024-01-03T16:00:00+00:00,1.16391,1.16419,1.16383,1.16407,332
2024-01-03T16:15:00+00:00,1.16407,1.16462,1.16393,1.16446,355
2024-01-03T16:30:00+00:00,1.16446,1.16547,1.16422,1.16523,356
2024-01-03T16:45:00+00:00,1.16523,1.16566,1.16445,1.16469,159
2024-01-03T17:00:00+00:00,1.16469,1.16597,1.16448,1.16568,223
2024-01-03T17:15:00+00:00,1.16568,1.16596,1.16523,1.16529,307
2024-01-03T17:30:00+00:00,1.16529,1.16537,1.16466,1.16520,268
2024-01-03T17:45:00+00:00,1.16520,1.16761,1.16498,1.16681,263
2024-01-03T18:00:00+00:00,1.16681,1.16767,1.16609,1.16758,312
2024-01-03T18:15:00+00:00,1.16758,1.16779,1.16747,1.16761,385
2024-01-03T18:30:00+00:00,1.16761,1.16814,1.16716,1.16812,369
2024-01-03T18:45:00+00:00,1.16812,1.17015,1.16758,1.17000,363
2024-01-03T19:00:00+00:00,1.17000,1.17063,1.16981,1.17042,155
2024-01-03T19:15:00+00:00,1.17042,1.17052,1.16995,1.17035,221
2024-01-03T19:30:00+00:00,1.17035,1.17100,1.17019,1.17087,169
2024-01-03T19:45:00+00:00,1.17087,1.17197,1.17049,1.17151,147
2024-01-03T20:00:00+00:00,1.17151,1.17292,1.17149,1.17287,169
2024-01-03T20:15:00+00:00,1.17287,1.17372,1.17272,1.17371,295
2024-01-03T20:30:00+00:00,1.17371,1.17379,1.17252,1.17303,342
2024-01-03T20:45:00+00:00,1.17303,1.17376,1.17285,1.17349,193
2024-01-03T21:00:00+00:00,1.17349,1.17398,1.17336,1.17395,346
2024-01-03T21:15:00+00:00,1.17395,1.17409,1.17266,1.17307,95
2024-01-03T21:30:00+00:00,1.17307,1.17413,1.17270,1.17400,331
2024-01-03T21:45:00+00:00,1.17400,1.17490,1.17368,1.17482,121
2024-01-03T22:00:00+00:00,1.17482,1.17511,1.17452,1.17496,379
2024-01-03T22:15:00+00:00,1.17496,1.17610,1.17488,1.17584,385
2024-01-03T22:30:00+00:00,1.17584,1.17591,1.17537,1.17548,138
2024-01-03T22:45:00+00:00,1.17548,1.17586,1.17513,1.17560,362
2024-01-03T23:00:00+00:00,1.17560,1.17600,1.17539,1.17580,253
2024-01-03T23:15:00+00:00,1.17580,1.17635,1.17553,1.17621,128
2024-01-03T23:30:00+00:00,1.17621,1.17652,1.17618,1.17628,322
2024-01-03T23:45:00+00:00,1.17628,1.17856,1.17605,1.17804,127
2024-01-04T00:00:00+00:00,1.17804,1.17825,1.17730,1.17741,110
2024-01-04T00:15:00+00:00,1.17741,1.17823,1.17721,1.17790,248
2024-01-04T00:30:00+00:00,1.17790,1.17817,1.17737,1.17787,296
2024-01-04T00:45:00+00:00,1.17787,1.17820,1.17676,1.17712,227
2024-01-04T01:00:00+00:00,1.17712,1.17728,1.17674,1.17693,326
2024-01-04T01:15:00+00:00,1.17693,1.17701,1.17678,1.17699,364
2024-01-04T01:30:00+00:00,1.17699,1.17736,1.17607,1.17656,367
2024-01-04T01:45:00+00:00,1.17656,1.17711,1.17623,1.17632,394
2024-01-04T02:00:00+00:00,1.17632,1.17666,1.17588,1.17622,216
2024-01-04T02:15:00+00:00,1.17622,1.17646,1.17587,1.17592,238
2024-01-04T02:30:00+00:00,1.17592,1.17678,1.17585,1.17665,285
2024-01-04T02:45:00+00:00,1.17665,1.17764,1.17644,1.17720,95
2024-01-04T03:00:00+00:00,1.17720,1.17826,1.17696,1.17805,160
2024-01-04T03:15:00+00:00,1.17805,1.17908,1.17771,1.17875,370
2024-01-04T03:30:00+00:00,1.17875,1.17911,1.17768,1.17797,105
2024-01-04T03:45:00+00:00,1.17797,1.17914,1.17775,1.17903,297
2024-01-04T04:00:00+00:00,1.17903,1.17906,1.17854,1.17861,138
2024-01-04T04:15:00+00:00,1.17861,1.17992,1.17849,1.17983,383
2024-01-04T04:30:00+00:00,1.17983,1.17987,1.17888,1.17917,386
2024-01-04T04:45:00+00:00,1.17917,1.17975,1.17910,1.17956,188
2024-01-04T05:00:00+00:00,1.17956,1.18040,1.17952,1.17989,334
2024-01-04T05:15:00+00:00,1.17989,1.18040,1.17970,1.18040,274
2024-01-04T05:30:00+00:00,1.18040,1.18044,1.17977,1.18019,261
2024-01-04T05:45:00+00:00,1.18019,1.18072,1.17981,1.18007,101
2024-01-04T06:00:00+00:00,1.18007,1.18020,1.17944,1.17967,299
2024-01-04T06:15:00+00:00,1.17967,1.18054,1.17946,1.18011,293
2024-01-04T06:30:00+00:00,1.18011,1.18046,1.17993,1.18016,396
2024-01-04T06:45:00+00:00,1.18016,1.18073,1.18005,1.18028,265
2024-01-04T07:00:00+00:00,1.18028,1.18177,1.18027,1.18146,348
2024-01-04T07:15:00+00:00,1.18146,1.18299,1.18118,1.18245,253
2024-01-04T07:30:00+00:00,1.18245,1.18334,1.18208,1.18283,351
2024-01-04T07:45:00+00:00,1.18283,1.18406,1.18279,1.18341,258
2024-01-04T08:00:00+00:00,1.18341,1.18401,1.18259,1.18269,132
2024-01-04T08:15:00+00:00,1.18269,1.18281,1.18245,1.18260,388
2024-01-04T08:30:00+00:00,1.18260,1.18378,1.18195,1.18336,332
2024-01-04T08:45:00+00:00,1.18336,1.18458,1.18327,1.18421,376
2024-01-04T09:00:00+00:00,1.18421,1.18442,1.18269,1.18308,399
2024-01-04T09:15:00+00:00,1.18308,1.18344,1.18220,1.18292,241
2024-01-04T09:30:00+00:00,1.18292,1.18331,1.18268,1.18321,220
2024-01-04T09:45:00+00:00,1.18321,1.18379,1.18306,1.18356,117
2024-01-04T10:00:00+00:00,1.18356,1.18386,1.18294,1.18347,119
2024-01-04T10:15:00+00:00,1.18347,1.18453,1.18282,1.18402,126
2024-01-04T10:30:00+00:00,1.18402,1.18426,1.18327,1.18364,101
2024-01-04T10:45:00+00:00,1.18364,1.18449,1.18347,1.18397,176
2024-01-04T11:00:00+00:00,1.18397,1.18427,1.18376,1.18382,132
2024-01-04T11:15:00+00:00,1.18382,1.18435,1.18329,1.18414,123
2024-01-04T11:30:00+00:00,1.18414,1.18414,1.18390,1.18391,304
2024-01-04T11:45:00+00:00,1.18391,1.18509,1.18384,1.18469,266
2024-01-04T12:00:00+00:00,1.18469,1.18486,1.18425,1.18448,386
2024-01-04T12:15:00+00:00,1.18448,1.18531,1.18434,1.18491,251
2024-01-04T12:30:00+00:00,1.18491,1.18533,1.18480,1.18528,388
2024-01-04T12:45:00+00:00,1.18528,1.18547,1.18477,1.18496,378
2024-01-04T13:00:00+00:00,1.18496,1.18553,1.18423,1.18439,280
2024-01-04T13:15:00+00:00,1.18439,1.18565,1.18405,1.18532,123
2024-01-04T13:30:00+00:00,1.18532,1.18560,1.18508,1.18523,349
2024-01-04T13:45:00+00:00,1.18523,1.18560,1.18403,1.18428,340
2024-01-04T14:00:00+00:00,1.18428,1.18449,1.18393,1.18402,328
2024-01-04T14:15:00+00:00,1.18402,1.18499,1.18272,1.18450,159
2024-01-04T14:30:00+00:00,1.18450,1.18590,1.18409,1.18563,349
2024-01-04T14:45:00+00:00,1.18563,1.18660,1.18556,1.18634,396
2024-01-04T15:00:00+00:00,1.18634,1.18704,1.18604,1.18683,399
2024-01-04T15:15:00+00:00,1.18683,1.18795,1.18666,1.18789,304
2024-01-04T15:30:00+00:00,1.18789,1.18860,1.18773,1.18852,392
2024-01-04T15:45:00+00:00,1.18852,1.18863,1.18657,1.18705,309
2024-01-04T16:00:00+00:00,1.18705,1.18740,1.18654,1.18718,179
2024-01-04T16:15:00+00:00,1.18718,1.18767,1.18650,1.18703,305
2024-01-04T16:30:00+00:00,1.18703,1.18709,1.18637,1.18664,162
2024-01-04T16:45:00+00:00,1.18664,1.18743,1.18614,1.18721,150
2024-01-04T17:00:00+00:00,1.18721,1.18748,1.18692,1.18741,132
2024-01-04T17:15:00+00:00,1.18741,1.18764,1.18706,1.18755,143
2024-01-04T17:30:00+00:00,1.18755,1.18805,1.18730,1.18739,155
2024-01-04T17:45:00+00:00,1.18739,1.18880,1.18728,1.18874,193
2024-01-04T18:00:00+00:00,1.18874,1.18987,1.18846,1.18930,282
2024-01-04T18:15:00+00:00,1.18930,1.18952,1.18909,1.18909,121
2024-01-04T18:30:00+00:00,1.18909,1.18914,1.18852,1.18904,251
2024-01-04T18:45:00+00:00,1.18904,1.18908,1.18845,1.18861,226
2024-01-04T19:00:00+00:00,1.18861,1.18941,1.18836,1.18924,320
2024-01-04T19:15:00+00:00,1.18924,1.18927,1.18838,1.18839,120
2024-01-04T19:30:00+00:00,1.18839,1.18887,1.18797,1.18885,391
2024-01-04T19:45:00+00:00,1.18885,1.19017,1.18882,1.19003,227
2024-01-04T20:00:00+00:00,1.19003,1.19024,1.19000,1.19008,398
2024-01-04T20:15:00+00:00,1.19008,1.19110,1.19004,1.19096,335
2024-01-04T20:30:00+00:00,1.19096,1.19099,1.19067,1.19090,153
2024-01-04T20:45:00+00:00,1.19090,1.19090,1.19086,1.19087,260
2024-01-04T21:00:00+00:00,1.19087,1.19124,1.19081,1.19093,264
2024-01-04T21:15:00+00:00,1.19093,1.19126,1.19057,1.19072,339
2024-01-04T21:30:00+00:00,1.19072,1.19124,1.19012,1.19089,102
2024-01-04T21:45:00+00:00,1.19089,1.19161,1.19026,1.19106,209
2024-01-04T22:00:00+00:00,1.19106,1.19134,1.19085,1.19105,133
2024-01-04T22:15:00+00:00,1.19105,1.19130,1.19057,1.19123,250
2024-01-04T22:30:00+00:00,1.19123,1.19181,1.19101,1.19160,317
2024-01-04T22:45:00+00:00,1.19160,1.19267,1.19156,1.19233,173
2024-01-04T23:00:00+00:00,1.19233,1.19250,1.19227,1.19240,230
2024-01-04T23:15:00+00:00,1.19240,1.19256,1.19123,1.19173,101
2024-01-04T23:30:00+00:00,1.19173,1.19197,1.19107,1.19151,322
2024-01-04T23:45:00+00:00,1.19151,1.19216,1.19101,1.19215,177
2024-01-05T00:00:00+00:00,1.19215,1.19273,1.19144,1.19186,219
2024-01-05T00:15:00+00:00,1.19186,1.19229,1.19165,1.19209,284
2024-01-05T00:30:00+00:00,1.19209,1.19272,1.19139,1.19200,334
2024-01-05T00:45:00+00:00,1.19200,1.19313,1.19174,1.19303,345
2024-01-05T01:00:00+00:00,1.19303,1.19315,1.19268,1.19297,172
2024-01-05T01:15:00+00:00,1.19297,1.19347,1.19289,1.19322,120
2024-01-05T01:30:00+00:00,1.19322,1.19344,1.19249,1.19294,165
2024-01-05T01:45:00+00:00,1.19294,1.19331,1.19268,1.19321,101
2024-01-05T02:00:00+00:00,1.19321,1.19386,1.19273,1.19297,109
2024-01-05T02:15:00+00:00,1.19297,1.19335,1.19230,1.19249,266
2024-01-05T02:30:00+00:00,1.19249,1.19253,1.19140,1.19144,391
2024-01-05T02:45:00+00:00,1.19144,1.19165,1.19115,1.19151,144
2024-01-05T03:00:00+00:00,1.19151,1.19261,1.19131,1.19239,370
2024-01-05T03:15:00+00:00,1.19239,1.19294,1.19236,1.19277,310
2024-01-05T03:30:00+00:00,1.19277,1.19334,1.19273,1.19325,351
2024-01-05T03:45:00+00:00,1.19325,1.19342,1.19220,1.19239,222
2024-01-05T04:00:00+00:00,1.19239,1.19254,1.19228,1.19232,278
2024-01-05T04:15:00+00:00,1.19232,1.19244,1.19146,1.19153,213
2024-01-05T04:30:00+00:00,1.19153,1.19173,1.19098,1.19133,331
2024-01-05T04:45:00+00:00,1.19133,1.19138,1.19049,1.19065,117
2024-01-05T05:00:00+00:00,1.19065,1.19084,1.18921,1.18933,243
2024-01-05T05:15:00+00:00,1.18933,1.18957,1.18892,1.18933,361
2024-01-05T05:30:00+00:00,1.18933,1.18949,1.18773,1.18801,169
2024-01-05T05:45:00+00:00,1.18801,1.18811,1.18681,1.18715,142
2024-01-05T06:00:00+00:00,1.18715,1.18816,1.18712,1.18811,264
2024-01-05T06:15:00+00:00,1.18811,1.18897,1.18801,1.18870,362
2024-01-05T06:30:00+00:00,1.18870,1.18990,1.18842,1.18945,325
2024-01-05T06:45:00+00:00,1.18945,1.19008,1.18936,1.18958,374
2024-01-05T07:00:00+00:00,1.18958,1.19126,1.18937,1.19090,344
2024-01-05T07:15:00+00:00,1.19090,1.19125,1.18976,1.19027,362
2024-01-05T07:30:00+00:00,1.19027,1.19042,1.18959,1.18991,108
2024-01-05T07:45:00+00:00,1.18991,1.19008,1.18933,1.18965,235
2024-01-05T08:00:00+00:00,1.18965,1.19002,1.18958,1.18979,345
2024-01-05T08:15:00+00:00,1.18979,1.19025,1.18877,1.18912,208
2024-01-05T08:30:00+00:00,1.18912,1.19020,1.18906,1.18949,394
2024-01-05T08:45:00+00:00,1.18949,1.19053,1.18941,1.19018,166
2024-01-05T09:00:00+00:00,1.19018,1.19040,1.18918,1.18938,389
2024-01-05T09:15:00+00:00,1.18938,1.19033,1.18880,1.18997,101
2024-01-05T09:30:00+00:00,1.18997,1.19004,1.18948,1.18989,375
2024-01-05T09:45:00+00:00,1.18989,1.19000,1.18969,1.18998,372
2024-01-05T10:00:00+00:00,1.18998,1.19020,1.18867,1.18909,228
2024-01-05T10:15:00+00:00,1.18909,1.18925,1.18875,1.18895,205
2024-01-05T10:30:00+00:00,1.18895,1.18952,1.18891,1.18909,110
2024-01-05T10:45:00+00:00,1.18909,1.18932,1.18883,1.18915,317
2024-01-05T11:00:00+00:00,1.18915,1.18962,1.18897,1.18922,256
2024-01-05T11:15:00+00:00,1.18922,1.19009,1.18920,1.18994,269
2024-01-05T11:30:00+00:00,1.18994,1.18995,1.18948,1.18948,310
2024-01-05T11:45:00+00:00,1.18948,1.18962,1.18935,1.18962,228
2024-01-05T12:00:00+00:00,1.18962,1.19077,1.18895,1.19057,161
2024-01-05T12:15:00+00:00,1.19057,1.19142,1.18992,1.19115,240
2024-01-05T12:30:00+00:00,1.19115,1.19131,1.19076,1.19109,237
2024-01-05T12:45:00+00:00,1.19109,1.19122,1.19089,1.19089,281
2024-01-05T13:00:00+00:00,1.19089,1.19092,1.18908,1.18914,105
2024-01-05T13:15:00+00:00,1.18914,1.18957,1.18874,1.18949,320
2024-01-05T13:30:00+00:00,1.18949,1.18953,1.18915,1.18928,215
2024-01-05T13:45:00+00:00,1.18928,1.18935,1.18877,1.18928,267
2024-01-05T14:00:00+00:00,1.18928,1.18931,1.18901,1.18927,227
2024-01-05T14:15:00+00:00,1.18927,1.18959,1.18869,1.18885,361
2024-01-05T14:30:00+00:00,1.18885,1.18974,1.18825,1.18831,129
2024-01-05T14:45:00+00:00,1.18831,1.18873,1.18750,1.18783,253
2024-01-05T15:00:00+00:00,1.18783,1.18793,1.18683,1.18708,285
2024-01-05T15:15:00+00:00,1.18708,1.18760,1.18708,1.18751,150
2024-01-05T15:30:00+00:00,1.18751,1.18803,1.18687,1.18704,343
2024-01-05T15:45:00+00:00,1.18704,1.18749,1.18625,1.18678,243
2024-01-05T16:00:00+00:00,1.18678,1.18830,1.18676,1.18752,252
2024-01-05T16:15:00+00:00,1.18752,1.18787,1.18677,1.18679,330
2024-01-05T16:30:00+00:00,1.18679,1.18703,1.18631,1.18643,136
2024-01-05T16:45:00+00:00,1.18643,1.18682,1.18562,1.18567,93
2024-01-05T17:00:00+00:00,1.18567,1.18580,1.18460,1.18505,376
2024-01-05T17:15:00+00:00,1.18505,1.18547,1.18326,1.18348,378
2024-01-05T17:30:00+00:00,1.18348,1.18353,1.18242,1.18252,274
2024-01-05T17:45:00+00:00,1.18252,1.18279,1.18089,1.18125,96
2024-01-05T18:00:00+00:00,1.18125,1.18146,1.18006,1.18017,294
2024-01-05T18:15:00+00:00,1.18017,1.18080,1.17980,1.18053,290
2024-01-05T18:30:00+00:00,1.18053,1.18053,1.17888,1.17945,111
2024-01-05T18:45:00+00:00,1.17945,1.17955,1.17906,1.17941,367
2024-01-05T19:00:00+00:00,1.17941,1.17980,1.17849,1.17875,168
2024-01-05T19:15:00+00:00,1.17875,1.17911,1.17832,1.17841,359
2024-01-05T19:30:00+00:00,1.17841,1.17882,1.17744,1.17752,215
2024-01-05T19:45:00+00:00,1.17752,1.17767,1.17629,1.17641,206
2024-01-05T20:00:00+00:00,1.17641,1.17666,1.17526,1.17606,227
2024-01-05T20:15:00+00:00,1.17606,1.17618,1.17473,1.17517,330
2024-01-05T20:30:00+00:00,1.17517,1.17543,1.17419,1.17468,220
2024-01-05T20:45:00+00:00,1.17468,1.17477,1.17359,1.17397,358
2024-01-05T21:00:00+00:00,1.17397,1.17455,1.17216,1.17247,154
2024-01-05T21:15:00+00:00,1.17247,1.17254,1.17060,1.17084,120
2024-01-05T21:30:00+00:00,1.17084,1.17111,1.17018,1.17019,183
2024-01-05T21:45:00+00:00,1.17019,1.17071,1.16998,1.17059,367
2024-01-05T22:00:00+00:00,1.17059,1.17075,1.16990,1.17020,204
2024-01-05T22:15:00+00:00,1.17020,1.17082,1.16918,1.16938,195
2024-01-05T22:30:00+00:00,1.16938,1.16946,1.16856,1.16897,131
2024-01-05T22:45:00+00:00,1.16897,1.16924,1.16882,1.16917,361
2024-01-05T23:00:00+00:00,1.16917,1.16925,1.16882,1.16922,323
2024-01-05T23:15:00+00:00,1.16922,1.16942,1.16789,1.16791,227
2024-01-05T23:30:00+00:00,1.16791,1.16830,1.16713,1.16724,373
2024-01-05T23:45:00+00:00,1.16724,1.16730,1.16631,1.16680,99
2024-01-06T00:00:00+00:00,1.16680,1.16691,1.16666,1.16682,98
2024-01-06T00:15:00+00:00,1.16682,1.16712,1.16625,1.16626,333
2024-01-06T00:30:00+00:00,1.16626,1.16680,1.16609,1.16634,99
2024-01-06T00:45:00+00:00,1.16634,1.16673,1.16565,1.16567,134
2024-01-06T01:00:00+00:00,1.16567,1.16597,1.16526,1.16585,348
2024-01-06T01:15:00+00:00,1.16585,1.16656,1.16575,1.16578,338
2024-01-06T01:30:00+00:00,1.16578,1.16582,1.16495,1.16508,314
2024-01-06T01:45:00+00:00,1.16508,1.16537,1.16461,1.16500,87
2024-01-06T02:00:00+00:00,1.16500,1.16552,1.16413,1.16459,169
2024-01-06T02:15:00+00:00,1.16459,1.16492,1.16357,1.16385,287
2024-01-06T02:30:00+00:00,1.16385,1.16418,1.16347,1.16386,174
2024-01-06T02:45:00+00:00,1.16386,1.16434,1.16382,1.16400,207
2024-01-06T03:00:00+00:00,1.16400,1.16427,1.16378,1.16426,248
2024-01-06T03:15:00+00:00,1.16426,1.16442,1.16363,1.16409,85
2024-01-06T03:30:00+00:00,1.16409,1.16437,1.16368,1.16371,318
2024-01-06T03:45:00+00:00,1.16371,1.16438,1.16343,1.16427,337
2024-01-06T04:00:00+00:00,1.16427,1.16534,1.16421,1.16505,231
2024-01-06T04:15:00+00:00,1.16505,1.16519,1.16364,1.16380,148
2024-01-06T04:30:00+00:00,1.16380,1.16384,1.16252,1.16280,361
2024-01-06T04:45:00+00:00,1.16280,1.16324,1.16216,1.16242,191
2024-01-06T05:00:00+00:00,1.16242,1.16288,1.16171,1.16215,349
2024-01-06T05:15:00+00:00,1.16215,1.16259,1.16105,1.16121,119
2024-01-06T05:30:00+00:00,1.16121,1.16128,1.16081,1.16112,183
2024-01-06T05:45:00+00:00,1.16112,1.16127,1.15955,1.15963,247
2024-01-06T06:00:00+00:00,1.15963,1.15993,1.15943,1.15968,330
2024-01-06T06:15:00+00:00,1.15968,1.15998,1.15827,1.15846,108
2024-01-06T06:30:00+00:00,1.15846,1.15857,1.15732,1.15742,316
2024-01-06T06:45:00+00:00,1.15742,1.15754,1.15690,1.15712,91
2024-01-06T07:00:00+00:00,1.15712,1.15746,1.15588,1.15589,103
2024-01-06T07:15:00+00:00,1.15589,1.15630,1.15453,1.15475,357
2024-01-06T07:30:00+00:00,1.15475,1.15581,1.15411,1.15579,96
2024-01-06T07:45:00+00:00,1.15579,1.15606,1.15561,1.15602,149
2024-01-06T08:00:00+00:00,1.15602,1.15684,1.15563,1.15582,275
2024-01-06T08:15:00+00:00,1.15582,1.15646,1.15475,1.15496,273
2024-01-06T08:30:00+00:00,1.15496,1.15528,1.15376,1.15395,258
2024-01-06T08:45:00+00:00,1.15395,1.15465,1.15231,1.15295,281
2024-01-06T09:00:00+00:00,1.15295,1.15304,1.15163,1.15163,91
2024-01-06T09:15:00+00:00,1.15163,1.15196,1.15127,1.15131,358
2024-01-06T09:30:00+00:00,1.15131,1.15145,1.15038,1.15043,159
2024-01-06T09:45:00+00:00,1.15043,1.15083,1.14973,1.15072,137
2024-01-06T10:00:00+00:00,1.15072,1.15130,1.15019,1.15121,88
2024-01-06T10:15:00+00:00,1.15121,1.15121,1.14979,1.14990,384
2024-01-06T10:30:00+00:00,1.14990,1.15041,1.14988,1.15032,102
2024-01-06T10:45:00+00:00,1.15032,1.15050,1.14964,1.14977,191
2024-01-06T11:00:00+00:00,1.14977,1.15028,1.14881,1.14942,199
2024-01-06T11:15:00+00:00,1.14942,1.15070,1.14897,1.15051,243
2024-01-06T11:30:00+00:00,1.15051,1.15075,1.14913,1.14922,153
2024-01-06T11:45:00+00:00,1.14922,1.14958,1.14840,1.14844,291
2024-01-06T12:00:00+00:00,1.14844,1.14854,1.14740,1.14799,169
2024-01-06T12:15:00+00:00,1.14799,1.14821,1.14699,1.14722,333
2024-01-06T12:30:00+00:00,1.14722,1.14744,1.14703,1.14736,348
2024-01-06T12:45:00+00:00,1.14736,1.14749,1.14623,1.14652,156
2024-01-06T13:00:00+00:00,1.14652,1.14670,1.14580,1.14601,195
2024-01-06T13:15:00+00:00,1.14601,1.14616,1.14508,1.14552,317
2024-01-06T13:30:00+00:00,1.14552,1.14600,1.14515,1.14580,148
2024-01-06T13:45:00+00:00,1.14580,1.14598,1.14511,1.14526,249
2024-01-06T14:00:00+00:00,1.14526,1.14580,1.14398,1.14405,177
2024-01-06T14:15:00+00:00,1.14405,1.14433,1.14335,1.14345,389
2024-01-06T14:30:00+00:00,1.14345,1.14381,1.14189,1.14208,366
2024-01-06T14:45:00+00:00,1.14208,1.14267,1.14188,1.14263,250
2024-01-06T15:00:00+00:00,1.14263,1.14325,1.14176,1.14181,140
2024-01-06T15:15:00+00:00,1.14181,1.14182,1.14129,1.14180,204
2024-01-06T15:30:00+00:00,1.14180,1.14224,1.14091,1.14109,244
2024-01-06T15:45:00+00:00,1.14109,1.14114,1.14068,1.14097,353
2024-01-06T16:00:00+00:00,1.14097,1.14117,1.13987,1.14027,318
2024-01-06T16:15:00+00:00,1.14027,1.14152,1.13978,1.14083,320
2024-01-06T16:30:00+00:00,1.14083,1.14109,1.14040,1.14048,103
2024-01-06T16:45:00+00:00,1.14048,1.14077,1.14039,1.14058,154
2024-01-06T17:00:00+00:00,1.14058,1.14098,1.14016,1.14094,231
2024-01-06T17:15:00+00:00,1.14094,1.14109,1.13984,1.14006,274
2024-01-06T17:30:00+00:00,1.14006,1.14016,1.13857,1.13926,252
2024-01-06T17:45:00+00:00,1.13926,1.13928,1.13785,1.13841,331
2024-01-06T18:00:00+00:00,1.13841,1.13853,1.13697,1.13707,359
2024-01-06T18:15:00+00:00,1.13707,1.13773,1.13688,1.13693,357
2024-01-06T18:30:00+00:00,1.13693,1.13808,1.13637,1.13804,118
2024-01-06T18:45:00+00:00,1.13804,1.13846,1.13732,1.13747,83
2024-01-06T19:00:00+00:00,1.13747,1.13777,1.13603,1.13609,84
2024-01-06T19:15:00+00:00,1.13609,1.13669,1.13576,1.13662,110
2024-01-06T19:30:00+00:00,1.13662,1.13692,1.13531,1.13557,329
2024-01-06T19:45:00+00:00,1.13557,1.13593,1.13467,1.13470,290
2024-01-06T20:00:00+00:00,1.13470,1.13507,1.13458,1.13504,88
2024-01-06T20:15:00+00:00,1.13504,1.13674,1.13503,1.13627,300
2024-01-06T20:30:00+00:00,1.13627,1.13695,1.13617,1.13633,156
2024-01-06T20:45:00+00:00,1.13633,1.13635,1.13568,1.13610,209
2024-01-06T21:00:00+00:00,1.13610,1.13631,1.13565,1.13588,287
2024-01-06T21:15:00+00:00,1.13588,1.13610,1.13578,1.13583,195
2024-01-06T21:30:00+00:00,1.13583,1.13637,1.13428,1.13509,96
2024-01-06T21:45:00+00:00,1.13509,1.13583,1.13492,1.13559,362
2024-01-06T22:00:00+00:00,1.13559,1.13565,1.13431,1.13434,302
2024-01-06T22:15:00+00:00,1.13434,1.13451,1.13349,1.13371,128
2024-01-06T22:30:00+00:00,1.13371,1.13478,1.13362,1.13437,370
2024-01-06T22:45:00+00:00,1.13437,1.13534,1.13435,1.13525,118
2024-01-06T23:00:00+00:00,1.13525,1.13547,1.13423,1.13465,171
2024-01-06T23:15:00+00:00,1.13465,1.13489,1.13391,1.13402,186
2024-01-06T23:30:00+00:00,1.13402,1.13428,1.13270,1.13277,119
2024-01-06T23:45:00+00:00,1.13277,1.13288,1.13141,1.13178,370
2024-01-07T00:00:00+00:00,1.13178,1.13204,1.13147,1.13168,151
2024-01-07T00:15:00+00:00,1.13168,1.13180,1.13051,1.13096,120
2024-01-07T00:30:00+00:00,1.13096,1.13096,1.12863,1.12894,118
2024-01-07T00:45:00+00:00,1.12894,1.12921,1.12832,1.12875,384
2024-01-07T01:00:00+00:00,1.12875,1.12906,1.12730,1.12753,310
2024-01-07T01:15:00+00:00,1.12753,1.12781,1.12721,1.12722,272
2024-01-07T01:30:00+00:00,1.12722,1.12741,1.12594,1.12600,396
2024-01-07T01:45:00+00:00,1.12600,1.12607,1.12518,1.12539,117
2024-01-07T02:00:00+00:00,1.12539,1.12548,1.12520,1.12530,279
2024-01-07T02:15:00+00:00,1.12530,1.12536,1.12395,1.12408,82
2024-01-07T02:30:00+00:00,1.12408,1.12441,1.12407,1.12429,124
2024-01-07T02:45:00+00:00,1.12429,1.12442,1.12332,1.12362,364
2024-01-07T03:00:00+00:00,1.12362,1.12363,1.12263,1.12295,385
2024-01-07T03:15:00+00:00,1.12295,1.12318,1.12280,1.12296,277
2024-01-07T03:30:00+00:00,1.12296,1.12322,1.12288,1.12319,366
2024-01-07T03:45:00+00:00,1.12319,1.12388,1.12139,1.12185,372
2024-01-07T04:00:00+00:00,1.12185,1.12191,1.12044,1.12056,217
2024-01-07T04:15:00+00:00,1.12056,1.12069,1.12055,1.12058,302
2024-01-07T04:30:00+00:00,1.12058,1.12083,1.12006,1.12011,206
2024-01-07T04:45:00+00:00,1.12011,1.12018,1.11882,1.11917,395
2024-01-07T05:00:00+00:00,1.11917,1.11930,1.11863,1.11888,250
2024-01-07T05:15:00+00:00,1.11888,1.12003,1.11863,1.11987,248
2024-01-07T05:30:00+00:00,1.11987,1.11999,1.11870,1.11889,384
2024-01-07T05:45:00+00:00,1.11889,1.11906,1.11753,1.11773,182
2024-01-07T06:00:00+00:00,1.11773,1.11775,1.11676,1.11697,331
2024-01-07T06:15:00+00:00,1.11697,1.11748,1.11680,1.11690,246
2024-01-07T06:30:00+00:00,1.11690,1.11729,1.11562,1.11573,368
2024-01-07T06:45:00+00:00,1.11573,1.11605,1.11456,1.11554,172
2024-01-07T07:00:00+00:00,1.11554,1.11588,1.11452,1.11484,187
2024-01-07T07:15:00+00:00,1.11484,1.11507,1.11418,1.11427,115
2024-01-07T07:30:00+00:00,1.11427,1.11483,1.11397,1.11434,235
2024-01-07T07:45:00+00:00,1.11434,1.11437,1.11390,1.11435,296
2024-01-07T08:00:00+00:00,1.11435,1.11446,1.11369,1.11403,285
2024-01-07T08:15:00+00:00,1.11403,1.11469,1.11347,1.11361,294
2024-01-07T08:30:00+00:00,1.11361,1.11376,1.11182,1.11222,354
2024-01-07T08:45:00+00:00,1.11222,1.11339,1.11185,1.11283,135
2024-01-07T09:00:00+00:00,1.11283,1.11327,1.11230,1.11257,102
2024-01-07T09:15:00+00:00,1.11257,1.11328,1.11240,1.11288,284
2024-01-07T09:30:00+00:00,1.11288,1.11310,1.11284,1.11304,130
2024-01-07T09:45:00+00:00,1.11304,1.11306,1.11205,1.11240,345
2024-01-07T10:00:00+00:00,1.11240,1.11257,1.11113,1.11118,317
2024-01-07T10:15:00+00:00,1.11118,1.11145,1.11079,1.11139,336
2024-01-07T10:30:00+00:00,1.11139,1.11310,1.11114,1.11225,123
2024-01-07T10:45:00+00:00,1.11225,1.11278,1.11147,1.11194,152
2024-01-07T11:00:00+00:00,1.11194,1.11217,1.11119,1.11127,258
2024-01-07T11:15:00+00:00,1.11127,1.11158,1.11015,1.11020,311
2024-01-07T11:30:00+00:00,1.11020,1.11043,1.10957,1.10963,255
2024-01-07T11:45:00+00:00,1.10963,1.10990,1.10863,1.10900,164
2024-01-07T12:00:00+00:00,1.10900,1.10974,1.10862,1.10953,249
2024-01-07T12:15:00+00:00,1.10953,1.11024,1.10883,1.10911,198
2024-01-07T12:30:00+00:00,1.10911,1.10951,1.10884,1.10901,282
2024-01-07T12:45:00+00:00,1.10901,1.10987,1.10893,1.10947,181
2024-01-07T13:00:00+00:00,1.10947,1.10957,1.10831,1.10852,222
2024-01-07T13:15:00+00:00,1.10852,1.10852,1.10764,1.10818,112
2024-01-07T13:30:00+00:00,1.10818,1.10843,1.10661,1.10689,180
2024-01-07T13:45:00+00:00,1.10689,1.10711,1.10635,1.10641,330
2024-01-07T14:00:00+00:00,1.10641,1.10649,1.10489,1.10523,380
2024-01-07T14:15:00+00:00,1.10523,1.10544,1.10424,1.10442,314
2024-01-07T14:30:00+00:00,1.10442,1.10479,1.10320,1.10327,394
2024-01-07T14:45:00+00:00,1.10327,1.10365,1.10221,1.10245,240
2024-01-07T15:00:00+00:00,1.10245,1.10267,1.10226,1.10249,341
2024-01-07T15:15:00+00:00,1.10249,1.10331,1.10223,1.10301,374
2024-01-07T15:30:00+00:00,1.10301,1.10313,1.10209,1.10239,168
2024-01-07T15:45:00+00:00,1.10239,1.10272,1.10125,1.10137,151
2024-01-07T16:00:00+00:00,1.10137,1.10202,1.10093,1.10149,84
2024-01-07T16:15:00+00:00,1.10149,1.10168,1.10032,1.10034,276
2024-01-07T16:30:00+00:00,1.10034,1.10080,1.09989,1.10072,292
2024-01-07T16:45:00+00:00,1.10072,1.10080,1.10011,1.10043,165
2024-01-07T17:00:00+00:00,1.10043,1.10046,1.10022,1.10024,220
2024-01-07T17:15:00+00:00,1.10024,1.10028,1.09918,1.09943,314
2024-01-07T17:30:00+00:00,1.09943,1.09963,1.09781,1.09817,373
2024-01-07T17:45:00+00:00,1.09817,1.09856,1.09754,1.09788,267
2024-01-07T18:00:00+00:00,1.09788,1.09801,1.09657,1.09659,191
2024-01-07T18:15:00+00:00,1.09659,1.09673,1.09563,1.09564,206
2024-01-07T18:30:00+00:00,1.09564,1.09673,1.09440,1.09466,124
2024-01-07T18:45:00+00:00,1.09466,1.09555,1.09417,1.09453,201
2024-01-07T19:00:00+00:00,1.09453,1.09500,1.09425,1.09447,392
2024-01-07T19:15:00+00:00,1.09447,1.09459,1.09294,1.09307,151
2024-01-07T19:30:00+00:00,1.09307,1.09361,1.09288,1.09301,352
2024-01-07T19:45:00+00:00,1.09301,1.09308,1.09162,1.09199,245
2024-01-07T20:00:00+00:00,1.09199,1.09222,1.09132,1.09219,343
2024-01-07T20:15:00+00:00,1.09219,1.09264,1.09121,1.09125,128
2024-01-07T20:30:00+00:00,1.09125,1.09199,1.09116,1.09162,221
2024-01-07T20:45:00+00:00,1.09162,1.09172,1.09133,1.09144,147
2024-01-07T21:00:00+00:00,1.09144,1.09192,1.09092,1.09116,281
2024-01-07T21:15:00+00:00,1.09116,1.09156,1.08996,1.08999,217
2024-01-07T21:30:00+00:00,1.08999,1.09020,1.08883,1.08931,127
2024-01-07T21:45:00+00:00,1.08931,1.08993,1.08902,1.08952,268
2024-01-07T22:00:00+00:00,1.08952,1.08962,1.08805,1.08858,127
2024-01-07T22:15:00+00:00,1.08858,1.08862,1.08738,1.08771,263
2024-01-07T22:30:00+00:00,1.08771,1.08851,1.08708,1.08808,188
2024-01-07T22:45:00+00:00,1.08808,1.08902,1.08807,1.08876,225
2024-01-07T23:00:00+00:00,1.08876,1.08909,1.08776,1.08808,255
2024-01-07T23:15:00+00:00,1.08808,1.08848,1.08723,1.08754,103
2024-01-07T23:30:00+00:00,1.08754,1.08844,1.08739,1.08813,160
2024-01-07T23:45:00+00:00,1.08813,1.08814,1.08795,1.08796,299
2024-01-08T00:00:00+00:00,1.08796,1.08841,1.08766,1.08797,161
2024-01-08T00:15:00+00:00,1.08797,1.08880,1.08754,1.08837,127
2024-01-08T00:30:00+00:00,1.08837,1.08855,1.08741,1.08786,164
2024-01-08T00:45:00+00:00,1.08786,1.08895,1.08773,1.08855,199
2024-01-08T01:00:00+00:00,1.08855,1.08861,1.08790,1.08807,119
2024-01-08T01:15:00+00:00,1.08807,1.08822,1.08791,1.08807,307
2024-01-08T01:30:00+00:00,1.08807,1.08878,1.08770,1.08876,296
2024-01-08T01:45:00+00:00,1.08876,1.08887,1.08657,1.08689,197
2024-01-08T02:00:00+00:00,1.08689,1.08722,1.08573,1.08594,233
2024-01-08T02:15:00+00:00,1.08594,1.08636,1.08555,1.08602,148
2024-01-08T02:30:00+00:00,1.08602,1.08637,1.08488,1.08523,392
2024-01-08T02:45:00+00:00,1.08523,1.08552,1.08497,1.08533,189
2024-01-08T03:00:00+00:00,1.08533,1.08545,1.08448,1.08487,191
2024-01-08T03:15:00+00:00,1.08487,1.08525,1.08480,1.08513,143
2024-01-08T03:30:00+00:00,1.08513,1.08529,1.08416,1.08442,151
2024-01-08T03:45:00+00:00,1.08442,1.08442,1.08366,1.08409,207
2024-01-08T04:00:00+00:00,1.08409,1.08422,1.08270,1.08311,93
2024-01-08T04:15:00+00:00,1.08311,1.08336,1.08189,1.08225,234
2024-01-08T04:30:00+00:00,1.08225,1.08267,1.08214,1.08228,107
2024-01-08T04:45:00+00:00,1.08228,1.08274,1.08175,1.08263,202
2024-01-08T05:00:00+00:00,1.08263,1.08263,1.08174,1.08214,350
2024-01-08T05:15:00+00:00,1.08214,1.08217,1.08192,1.08195,264
2024-01-08T05:30:00+00:00,1.08195,1.08211,1.08170,1.08205,267
2024-01-08T05:45:00+00:00,1.08205,1.08222,1.08121,1.08126,321
2024-01-08T06:00:00+00:00,1.08126,1.08221,1.08115,1.08206,214
2024-01-08T06:15:00+00:00,1.08206,1.08221,1.08124,1.08190,283
2024-01-08T06:30:00+00:00,1.08190,1.08192,1.08057,1.08088,285
2024-01-08T06:45:00+00:00,1.08088,1.08120,1.08051,1.08070,395
2024-01-08T07:00:00+00:00,1.08070,1.08080,1.08007,1.08067,159
2024-01-08T07:15:00+00:00,1.08067,1.08143,1.08060,1.08114,113
2024-01-08T07:30:00+00:00,1.08114,1.08144,1.08052,1.08074,205
2024-01-08T07:45:00+00:00,1.08074,1.08101,1.08028,1.08044,312
2024-01-08T08:00:00+00:00,1.08044,1.08051,1.07991,1.08013,169
2024-01-08T08:15:00+00:00,1.08013,1.08047,1.07889,1.07921,85
2024-01-08T08:30:00+00:00,1.07921,1.08045,1.07869,1.07982,212
2024-01-08T08:45:00+00:00,1.07982,1.07990,1.07938,1.07951,217
2024-01-08T09:00:00+00:00,1.07951,1.07966,1.07911,1.07933,299
2024-01-08T09:15:00+00:00,1.07933,1.07935,1.07876,1.07887,375
2024-01-08T09:30:00+00:00,1.07887,1.07912,1.07813,1.07824,370
2024-01-08T09:45:00+00:00,1.07824,1.07832,1.07793,1.07808,132
2024-01-08T10:00:00+00:00,1.07808,1.07893,1.07771,1.07865,81
2024-01-08T10:15:00+00:00,1.07865,1.07975,1.07849,1.07917,205
2024-01-08T10:30:00+00:00,1.07917,1.07967,1.07901,1.07959,98
2024-01-08T10:45:00+00:00,1.07959,1.08022,1.07906,1.07928,294
2024-01-08T11:00:00+00:00,1.07928,1.07950,1.07900,1.07923,119
2024-01-08T11:15:00+00:00,1.07923,1.07936,1.07877,1.07884,106
2024-01-08T11:30:00+00:00,1.07884,1.07968,1.07810,1.07919,115
2024-01-08T11:45:00+00:00,1.07919,1.07962,1.07848,1.07890,239
2024-01-08T12:00:00+00:00,1.07890,1.07924,1.07823,1.07843,368
2024-01-08T12:15:00+00:00,1.07843,1.07854,1.07786,1.07834,204
2024-01-08T12:30:00+00:00,1.07834,1.07843,1.07694,1.07745,180
2024-01-08T12:45:00+00:00,1.07745,1.07750,1.07702,1.07740,205
2024-01-08T13:00:00+00:00,1.07740,1.07868,1.07703,1.07811,84
2024-01-08T13:15:00+00:00,1.07811,1.07814,1.07811,1.07813,272
2024-01-08T13:30:00+00:00,1.07813,1.07899,1.07784,1.07860,201
2024-01-08T13:45:00+00:00,1.07860,1.07963,1.07823,1.07896,152
2024-01-08T14:00:00+00:00,1.07896,1.07909,1.07825,1.07881,346
2024-01-08T14:15:00+00:00,1.07881,1.07935,1.07779,1.07812,314
2024-01-08T14:30:00+00:00,1.07812,1.07831,1.07799,1.07829,281
2024-01-08T14:45:00+00:00,1.07829,1.07874,1.07811,1.07839,302
2024-01-08T15:00:00+00:00,1.07839,1.07853,1.07800,1.07815,281
2024-01-08T15:15:00+00:00,1.07815,1.07936,1.07769,1.07922,242
2024-01-08T15:30:00+00:00,1.07922,1.07928,1.07858,1.07873,379
2024-01-08T15:45:00+00:00,1.07873,1.07884,1.07847,1.07856,310
2024-01-08T16:00:00+00:00,1.07856,1.07862,1.07714,1.07790,186
2024-01-08T16:15:00+00:00,1.07790,1.07822,1.07739,1.07749,141
2024-01-08T16:30:00+00:00,1.07749,1.07865,1.07734,1.07836,388
2024-01-08T16:45:00+00:00,1.07836,1.07974,1.07822,1.07919,247
2024-01-08T17:00:00+00:00,1.07919,1.08009,1.07890,1.07971,105
2024-01-08T17:15:00+00:00,1.07971,1.07981,1.07934,1.07955,169
2024-01-08T17:30:00+00:00,1.07955,1.08017,1.07907,1.08011,207
2024-01-08T17:45:00+00:00,1.08011,1.08048,1.08003,1.08036,151
2024-01-08T18:00:00+00:00,1.08036,1.08056,1.08032,1.08049,181
2024-01-08T18:15:00+00:00,1.08049,1.08062,1.07978,1.08004,123
2024-01-08T18:30:00+00:00,1.08004,1.08015,1.07958,1.07961,113
2024-01-08T18:45:00+00:00,1.07961,1.07975,1.07906,1.07947,145
2024-01-08T19:00:00+00:00,1.07947,1.08074,1.07941,1.08042,316
2024-01-08T19:15:00+00:00,1.08042,1.08107,1.07991,1.08012,301
2024-01-08T19:30:00+00:00,1.08012,1.08064,1.07967,1.08037,168
2024-01-08T19:45:00+00:00,1.08037,1.08093,1.07985,1.08053,220
2024-01-08T20:00:00+00:00,1.08053,1.08114,1.07988,1.08029,205
2024-01-08T20:15:00+00:00,1.08029,1.08068,1.08001,1.08046,361
2024-01-08T20:30:00+00:00,1.08046,1.08048,1.07998,1.08021,349
2024-01-08T20:45:00+00:00,1.08021,1.08064,1.07925,1.08063,358
2024-01-08T21:00:00+00:00,1.08063,1.08201,1.08058,1.08114,358
2024-01-08T21:15:00+00:00,1.08114,1.08120,1.08033,1.08060,369
2024-01-08T21:30:00+00:00,1.08060,1.08060,1.07990,1.08002,192
2024-01-08T21:45:00+00:00,1.08002,1.08105,1.07992,1.08051,223
2024-01-08T22:00:00+00:00,1.08051,1.08259,1.08001,1.08226,199
2024-01-08T22:15:00+00:00,1.08226,1.08239,1.08207,1.08209,203
2024-01-08T22:30:00+00:00,1.08209,1.08264,1.08192,1.08201,192
2024-01-08T22:45:00+00:00,1.08201,1.08277,1.08154,1.08193,278
2024-01-08T23:00:00+00:00,1.08193,1.08239,1.08116,1.08127,383
2024-01-08T23:15:00+00:00,1.08127,1.08147,1.08055,1.08099,263
2024-01-08T23:30:00+00:00,1.08099,1.08119,1.08077,1.08116,368
2024-01-08T23:45:00+00:00,1.08116,1.08162,1.07924,1.07981,332
2024-01-09T00:00:00+00:00,1.07981,1.07986,1.07940,1.07950,388
2024-01-09T00:15:00+00:00,1.07950,1.07967,1.07914,1.07960,80
2024-01-09T00:30:00+00:00,1.07960,1.07996,1.07915,1.07924,170
2024-01-09T00:45:00+00:00,1.07924,1.07975,1.07850,1.07879,245
2024-01-09T01:00:00+00:00,1.07879,1.07922,1.07874,1.07916,136
2024-01-09T01:15:00+00:00,1.07916,1.07950,1.07842,1.07891,117
2024-01-09T01:30:00+00:00,1.07891,1.07942,1.07786,1.07797,234
2024-01-09T01:45:00+00:00,1.07797,1.07857,1.07724,1.07821,303
2024-01-09T02:00:00+00:00,1.07821,1.07942,1.07810,1.07868,367
2024-01-09T02:15:00+00:00,1.07868,1.07892,1.07781,1.07846,262
2024-01-09T02:30:00+00:00,1.07846,1.07906,1.07834,1.07867,230
2024-01-09T02:45:00+00:00,1.07867,1.07955,1.07832,1.07921,373
2024-01-09T03:00:00+00:00,1.07921,1.07982,1.07772,1.07780,388
2024-01-09T03:15:00+00:00,1.07780,1.07808,1.07730,1.07785,393
2024-01-09T03:30:00+00:00,1.07785,1.07847,1.07770,1.07809,119
2024-01-09T03:45:00+00:00,1.07809,1.07815,1.07721,1.07806,165
2024-01-09T04:00:00+00:00,1.07806,1.07864,1.07695,1.07714,251
2024-01-09T04:15:00+00:00,1.07714,1.07737,1.07636,1.07644,207
2024-01-09T04:30:00+00:00,1.07644,1.07670,1.07624,1.07635,104
2024-01-09T04:45:00+00:00,1.07635,1.07672,1.07521,1.07553,165
2024-01-09T05:00:00+00:00,1.07553,1.07640,1.07526,1.07616,131
2024-01-09T05:15:00+00:00,1.07616,1.07705,1.07570,1.07680,375
2024-01-09T05:30:00+00:00,1.07680,1.07717,1.07632,1.07639,97
2024-01-09T05:45:00+00:00,1.07639,1.07678,1.07613,1.07671,133
2024-01-09T06:00:00+00:00,1.07671,1.07724,1.07636,1.07716,360
2024-01-09T06:15:00+00:00,1.07716,1.07875,1.07686,1.07797,253
2024-01-09T06:30:00+00:00,1.07797,1.07820,1.07734,1.07742,164
2024-01-09T06:45:00+00:00,1.07742,1.07782,1.07722,1.07757,107
2024-01-09T07:00:00+00:00,1.07757,1.07815,1.07740,1.07803,356
2024-01-09T07:15:00+00:00,1.07803,1.07906,1.07779,1.07903,201
2024-01-09T07:30:00+00:00,1.07903,1.07984,1.07870,1.07967,107
2024-01-09T07:45:00+00:00,1.07967,1.07988,1.07936,1.07960,230
2024-01-09T08:00:00+00:00,1.07960,1.08051,1.07947,1.08013,185
2024-01-09T08:15:00+00:00,1.08013,1.08044,1.07991,1.08032,121
2024-01-09T08:30:00+00:00,1.08032,1.08034,1.08011,1.08018,215
2024-01-09T08:45:00+00:00,1.08018,1.08050,1.07947,1.07968,174
2024-01-09T09:00:00+00:00,1.07968,1.07989,1.07940,1.07943,305
2024-01-09T09:15:00+00:00,1.07943,1.07998,1.07939,1.07977,217
2024-01-09T09:30:00+00:00,1.07977,1.07983,1.07957,1.07962,256
2024-01-09T09:45:00+00:00,1.07962,1.07973,1.07924,1.07953,381
2024-01-09T10:00:00+00:00,1.07953,1.07984,1.07926,1.07974,354
2024-01-09T10:15:00+00:00,1.07974,1.08066,1.07909,1.08039,373
2024-01-09T10:30:00+00:00,1.08039,1.08130,1.07982,1.08107,97
2024-01-09T10:45:00+00:00,1.08107,1.08252,1.08106,1.08187,372
2024-01-09T11:00:00+00:00,1.08187,1.08225,1.08132,1.08169,168
2024-01-09T11:15:00+00:00,1.08169,1.08274,1.08163,1.08257,188
2024-01-09T11:30:00+00:00,1.08257,1.08302,1.08178,1.08288,302
2024-01-09T11:45:00+00:00,1.08288,1.08406,1.08234,1.08390,155
2024-01-09T12:00:00+00:00,1.08390,1.08453,1.08334,1.08433,114
2024-01-09T12:15:00+00:00,1.08433,1.08466,1.08363,1.08382,362
2024-01-09T12:30:00+00:00,1.08382,1.08404,1.08322,1.08381,399
2024-01-09T12:45:00+00:00,1.08381,1.08477,1.08353,1.08433,137
2024-01-09T13:00:00+00:00,1.08433,1.08442,1.08382,1.08425,131
2024-01-09T13:15:00+00:00,1.08425,1.08459,1.08375,1.08393,131
2024-01-09T13:30:00+00:00,1.08393,1.08500,1.08348,1.08441,215
2024-01-09T13:45:00+00:00,1.08441,1.08467,1.08355,1.08379,391
2024-01-09T14:00:00+00:00,1.08379,1.08382,1.08330,1.08364,285
2024-01-09T14:15:00+00:00,1.08364,1.08495,1.08349,1.08434,249
2024-01-09T14:30:00+00:00,1.08434,1.08459,1.08411,1.08450,270
2024-01-09T14:45:00+00:00,1.08450,1.08535,1.08443,1.08480,235
2024-01-09T15:00:00+00:00,1.08480,1.08534,1.08432,1.08460,196
2024-01-09T15:15:00+00:00,1.08460,1.08514,1.08352,1.08413,306
2024-01-09T15:30:00+00:00,1.08413,1.08470,1.08407,1.08444,125
2024-01-09T15:45:00+00:00,1.08444,1.08452,1.08368,1.08387,288
2024-01-09T16:00:00+00:00,1.08387,1.08456,1.08350,1.08406,343
2024-01-09T16:15:00+00:00,1.08406,1.08409,1.08337,1.08348,339
2024-01-09T16:30:00+00:00,1.08348,1.08377,1.08248,1.08287,168
2024-01-09T16:45:00+00:00,1.08287,1.08320,1.08233,1.08300,109
2024-01-09T17:00:00+00:00,1.08300,1.08358,1.08259,1.08325,220
2024-01-09T17:15:00+00:00,1.08325,1.08348,1.08280,1.08305,283
2024-01-09T17:30:00+00:00,1.08305,1.08322,1.08276,1.08310,384
2024-01-09T17:45:00+00:00,1.08310,1.08419,1.08285,1.08347,322
2024-01-09T18:00:00+00:00,1.08347,1.08362,1.08293,1.08326,126
2024-01-09T18:15:00+00:00,1.08326,1.08468,1.08297,1.08461,163
2024-01-09T18:30:00+00:00,1.08461,1.08593,1.08457,1.08551,195
2024-01-09T18:45:00+00:00,1.08551,1.08630,1.08530,1.08620,289
2024-01-09T19:00:00+00:00,1.08620,1.08625,1.08483,1.08528,322
2024-01-09T19:15:00+00:00,1.08528,1.08573,1.08505,1.08536,387
2024-01-09T19:30:00+00:00,1.08536,1.08598,1.08481,1.08578,220
2024-01-09T19:45:00+00:00,1.08578,1.08603,1.08502,1.08515,258
2024-01-09T20:00:00+00:00,1.08515,1.08521,1.08491,1.08503,399
2024-01-09T20:15:00+00:00,1.08503,1.08611,1.08494,1.08600,341
2024-01-09T20:30:00+00:00,1.08600,1.08785,1.08580,1.08785,384
2024-01-09T20:45:00+00:00,1.08785,1.08805,1.08733,1.08749,135
2024-01-09T21:00:00+00:00,1.08749,1.08752,1.08720,1.08724,221
2024-01-09T21:15:00+00:00,1.08724,1.08809,1.08677,1.08806,232
2024-01-09T21:30:00+00:00,1.08806,1.08896,1.08805,1.08863,387
2024-01-09T21:45:00+00:00,1.08863,1.08935,1.08848,1.08913,151
2024-01-09T22:00:00+00:00,1.08913,1.08971,1.08890,1.08927,294
2024-01-09T22:15:00+00:00,1.08927,1.08997,1.08900,1.08957,378
2024-01-09T22:30:00+00:00,1.08957,1.09005,1.08939,1.08967,193
2024-01-09T22:45:00+00:00,1.08967,1.09104,1.08928,1.09088,323
2024-01-09T23:00:00+00:00,1.09088,1.09218,1.09030,1.09193,365
2024-01-09T23:15:00+00:00,1.09193,1.09225,1.09181,1.09219,145
2024-01-09T23:30:00+00:00,1.09219,1.09293,1.09157,1.09245,251
2024-01-09T23:45:00+00:00,1.09245,1.09257,1.09211,1.09228,194
2024-01-10T00:00:00+00:00,1.09228,1.09284,1.09222,1.09258,213
2024-01-10T00:15:00+00:00,1.09258,1.09287,1.09221,1.09238,140
2024-01-10T00:30:00+00:00,1.09238,1.09249,1.09089,1.09152,116
2024-01-10T00:45:00+00:00,1.09152,1.09171,1.09108,1.09112,141
2024-01-10T01:00:00+00:00,1.09112,1.09206,1.09109,1.09184,157
2024-01-10T01:15:00+00:00,1.09184,1.09249,1.09169,1.09236,289
2024-01-10T01:30:00+00:00,1.09236,1.09400,1.09219,1.09395,172
2024-01-10T01:45:00+00:00,1.09395,1.09432,1.09361,1.09425,170
2024-01-10T02:00:00+00:00,1.09425,1.09460,1.09406,1.09451,166
2024-01-10T02:15:00+00:00,1.09451,1.09512,1.09442,1.09496,125
2024-01-10T02:30:00+00:00,1.09496,1.09597,1.09468,1.09574,324
2024-01-10T02:45:00+00:00,1.09574,1.09641,1.09568,1.09635,182
2024-01-10T03:00:00+00:00,1.09635,1.09724,1.09596,1.09651,351
2024-01-10T03:15:00+00:00,1.09651,1.09668,1.09580,1.09622,400
2024-01-10T03:30:00+00:00,1.09622,1.09673,1.09603,1.09652,132
2024-01-10T03:45:00+00:00,1.09652,1.09682,1.09624,1.09650,165
2024-01-10T04:00:00+00:00,1.09650,1.09705,1.09619,1.09702,346
2024-01-10T04:15:00+00:00,1.09702,1.09738,1.09686,1.09716,148
2024-01-10T04:30:00+00:00,1.09716,1.09770,1.09667,1.09680,286
2024-01-10T04:45:00+00:00,1.09680,1.09766,1.09677,1.09745,147
2024-01-10T05:00:00+00:00,1.09745,1.09789,1.09729,1.09783,99
2024-01-10T05:15:00+00:00,1.09783,1.09848,1.09753,1.09818,353
2024-01-10T05:30:00+00:00,1.09818,1.09846,1.09782,1.09796,90
2024-01-10T05:45:00+00:00,1.09796,1.09854,1.09791,1.09840,307
2024-01-10T06:00:00+00:00,1.09840,1.09866,1.09804,1.09821,84
2024-01-10T06:15:00+00:00,1.09821,1.09877,1.09779,1.09863,346
2024-01-10T06:30:00+00:00,1.09863,1.09929,1.09826,1.09889,133
2024-01-10T06:45:00+00:00,1.09889,1.10052,1.09886,1.10011,224
2024-01-10T07:00:00+00:00,1.10011,1.10078,1.10004,1.10069,214
2024-01-10T07:15:00+00:00,1.10069,1.10183,1.09998,1.10143,263
2024-01-10T07:30:00+00:00,1.10143,1.10190,1.10109,1.10166,186
2024-01-10T07:45:00+00:00,1.10166,1.10233,1.10134,1.10220,200
2024-01-10T08:00:00+00:00,1.10220,1.10347,1.10172,1.10346,332
2024-01-10T08:15:00+00:00,1.10346,1.10354,1.10310,1.10321,341
2024-01-10T08:30:00+00:00,1.10321,1.10465,1.10285,1.10444,313
2024-01-10T08:45:00+00:00,1.10444,1.10469,1.10431,1.10432,317
2024-01-10T09:00:00+00:00,1.10432,1.10591,1.10391,1.10574,264
2024-01-10T09:15:00+00:00,1.10574,1.10583,1.10504,1.10529,139
2024-01-10T09:30:00+00:00,1.10529,1.10678,1.10472,1.10650,167
2024-01-10T09:45:00+00:00,1.10650,1.10751,1.10594,1.10721,398
2024-01-10T10:00:00+00:00,1.10721,1.10796,1.10702,1.10748,138
2024-01-10T10:15:00+00:00,1.10748,1.10888,1.10703,1.10825,219
2024-01-10T10:30:00+00:00,1.10825,1.10950,1.10794,1.10911,165
2024-01-10T10:45:00+00:00,1.10911,1.10993,1.10881,1.10958,110
2024-01-10T11:00:00+00:00,1.10958,1.11118,1.10905,1.11111,327
2024-01-10T11:15:00+00:00,1.11111,1.11244,1.11068,1.11229,172
2024-01-10T11:30:00+00:00,1.11229,1.11263,1.11142,1.11188,146
2024-01-10T11:45:00+00:00,1.11188,1.11223,1.11146,1.11150,290
2024-01-10T12:00:00+00:00,1.11150,1.11172,1.11147,1.11168,348
2024-01-10T12:15:00+00:00,1.11168,1.11204,1.11129,1.11199,369
2024-01-10T12:30:00+00:00,1.11199,1.11336,1.11174,1.11263,396
2024-01-10T12:45:00+00:00,1.11263,1.11299,1.11225,1.11250,207
2024-01-10T13:00:00+00:00,1.11250,1.11255,1.11190,1.11201,365
2024-01-10T13:15:00+00:00,1.11201,1.11245,1.11175,1.11213,85
2024-01-10T13:30:00+00:00,1.11213,1.11244,1.11179,1.11231,164
2024-01-10T13:45:00+00:00,1.11231,1.11262,1.11159,1.11175,203
2024-01-10T14:00:00+00:00,1.11175,1.11211,1.11137,1.11190,273
2024-01-10T14:15:00+00:00,1.11190,1.11244,1.11178,1.11226,315
2024-01-10T14:30:00+00:00,1.11226,1.11240,1.11162,1.11192,241
2024-01-10T14:45:00+00:00,1.11192,1.11295,1.11168,1.11269,89
2024-01-10T15:00:00+00:00,1.11269,1.11376,1.11268,1.11358,126
2024-01-10T15:15:00+00:00,1.11358,1.11417,1.11283,1.11397,235
2024-01-10T15:30:00+00:00,1.11397,1.11521,1.11378,1.11496,254
2024-01-10T15:45:00+00:00,1.11496,1.11503,1.11473,1.11481,194
2024-01-10T16:00:00+00:00,1.11481,1.11573,1.11477,1.11551,266
2024-01-10T16:15:00+00:00,1.11551,1.11554,1.11495,1.11510,193
2024-01-10T16:30:00+00:00,1.11510,1.11606,1.11474,1.11606,360
2024-01-10T16:45:00+00:00,1.11606,1.11652,1.11559,1.11565,103
2024-01-10T17:00:00+00:00,1.11565,1.11682,1.11544,1.11661,289
2024-01-10T17:15:00+00:00,1.11661,1.11693,1.11586,1.11612,176
2024-01-10T17:30:00+00:00,1.11612,1.11777,1.11600,1.11737,177
2024-01-10T17:45:00+00:00,1.11737,1.11889,1.11723,1.11886,292
2024-01-10T18:00:00+00:00,1.11886,1.12020,1.11879,1.12008,310
2024-01-10T18:15:00+00:00,1.12008,1.12059,1.11997,1.12020,338
2024-01-10T18:30:00+00:00,1.12020,1.12134,1.12011,1.12107,301
2024-01-10T18:45:00+00:00,1.12107,1.12162,1.12078,1.12144,340
2024-01-10T19:00:00+00:00,1.12144,1.12274,1.12137,1.12209,145
2024-01-10T19:15:00+00:00,1.12209,1.12249,1.12182,1.12214,390
2024-01-10T19:30:00+00:00,1.12214,1.12331,1.12152,1.12307,207
2024-01-10T19:45:00+00:00,1.12307,1.12469,1.12231,1.12458,230
2024-01-10T20:00:00+00:00,1.12458,1.12472,1.12418,1.12467,342
2024-01-10T20:15:00+00:00,1.12467,1.12570,1.12423,1.12556,240
2024-01-10T20:30:00+00:00,1.12556,1.12631,1.12542,1.12562,399
2024-01-10T20:45:00+00:00,1.12562,1.12583,1.12518,1.12573,147
2024-01-10T21:00:00+00:00,1.12573,1.12704,1.12538,1.12699,245
2024-01-10T21:15:00+00:00,1.12699,1.12733,1.12650,1.12721,367
2024-01-10T21:30:00+00:00,1.12721,1.12725,1.12668,1.12683,353
2024-01-10T21:45:00+00:00,1.12683,1.12696,1.12612,1.12669,86
2024-01-10T22:00:00+00:00,1.12669,1.12696,1.12642,1.12695,182
2024-01-10T22:15:00+00:00,1.12695,1.12811,1.12643,1.12806,226
2024-01-10T22:30:00+00:00,1.12806,1.12847,1.12757,1.12832,184
2024-01-10T22:45:00+00:00,1.12832,1.12912,1.12824,1.12912,311
2024-01-10T23:00:00+00:00,1.12912,1.13084,1.12908,1.13048,367
2024-01-10T23:15:00+00:00,1.13048,1.13075,1.12945,1.12968,227
2024-01-10T23:30:00+00:00,1.12968,1.13010,1.12945,1.13001,240
2024-01-10T23:45:00+00:00,1.13001,1.13093,1.12999,1.13083,208
2024-01-11T00:00:00+00:00,1.13083,1.13215,1.13062,1.13158,195
2024-01-11T00:15:00+00:00,1.13158,1.13197,1.13122,1.13147,268
2024-01-11T00:30:00+00:00,1.13147,1.13227,1.13106,1.13189,179
2024-01-11T00:45:00+00:00,1.13189,1.13194,1.13148,1.13166,118
2024-01-11T01:00:00+00:00,1.13166,1.13236,1.13137,1.13219,299
2024-01-11T01:15:00+00:00,1.13219,1.13258,1.13196,1.13254,162
2024-01-11T01:30:00+00:00,1.13254,1.13265,1.13230,1.13253,159
2024-01-11T01:45:00+00:00,1.13253,1.13441,1.13236,1.13375,385
2024-01-11T02:00:00+00:00,1.13375,1.13568,1.13342,1.13546,331
2024-01-11T02:15:00+00:00,1.13546,1.13555,1.13490,1.13526,117
2024-01-11T02:30:00+00:00,1.13526,1.13602,1.13523,1.13576,114
2024-01-11T02:45:00+00:00,1.13576,1.13657,1.13559,1.13653,358
2024-01-11T03:00:00+00:00,1.13653,1.13669,1.13649,1.13666,249
2024-01-11T03:15:00+00:00,1.13666,1.13758,1.13644,1.13746,396
2024-01-11T03:30:00+00:00,1.13746,1.13765,1.13548,1.13586,84
2024-01-11T03:45:00+00:00,1.13586,1.13606,1.13455,1.13473,203
2024-01-11T04:00:00+00:00,1.13473,1.13603,1.13418,1.13580,244
2024-01-11T04:15:00+00:00,1.13580,1.13619,1.13477,1.13513,138
2024-01-11T04:30:00+00:00,1.13513,1.13538,1.13482,1.13495,271
2024-01-11T04:45:00+00:00,1.13495,1.13698,1.13492,1.13663,329
2024-01-11T05:00:00+00:00,1.13663,1.13842,1.13650,1.13824,129
2024-01-11T05:15:00+00:00,1.13824,1.13967,1.13759,1.13930,355
2024-01-11T05:30:00+00:00,1.13930,1.13938,1.13875,1.13885,189
2024-01-11T05:45:00+00:00,1.13885,1.14026,1.13861,1.14005,133
2024-01-11T06:00:00+00:00,1.14005,1.14128,1.13969,1.14073,302
2024-01-11T06:15:00+00:00,1.14073,1.14116,1.13986,1.14043,158
2024-01-11T06:30:00+00:00,1.14043,1.14181,1.14031,1.14174,171
2024-01-11T06:45:00+00:00,1.14174,1.14228,1.14138,1.14217,374
2024-01-11T07:00:00+00:00,1.14217,1.14371,1.14190,1.14312,287
2024-01-11T07:15:00+00:00,1.14312,1.14390,1.14309,1.14385,140
2024-01-11T07:30:00+00:00,1.14385,1.14394,1.14301,1.14338,379
2024-01-11T07:45:00+00:00,1.14338,1.14394,1.14290,1.14306,263
2024-01-11T08:00:00+00:00,1.14306,1.14375,1.14301,1.14369,124
2024-01-11T08:15:00+00:00,1.14369,1.14382,1.14288,1.14356,275
2024-01-11T08:30:00+00:00,1.14356,1.14383,1.14286,1.14322,149
2024-01-11T08:45:00+00:00,1.14322,1.14372,1.14269,1.14371,359
2024-01-11T09:00:00+00:00,1.14371,1.14424,1.14352,1.14383,271
2024-01-11T09:15:00+00:00,1.14383,1.14543,1.14382,1.14539,364
2024-01-11T09:30:00+00:00,1.14539,1.14592,1.14512,1.14585,360
2024-01-11T09:45:00+00:00,1.14585,1.14619,1.14577,1.14594,256
2024-01-11T10:00:00+00:00,1.14594,1.14724,1.14585,1.14661,174
2024-01-11T10:15:00+00:00,1.14661,1.14680,1.14605,1.14670,179
2024-01-11T10:30:00+00:00,1.14670,1.14802,1.14660,1.14772,361
2024-01-11T10:45:00+00:00,1.14772,1.14836,1.14763,1.14799,228
2024-01-11T11:00:00+00:00,1.14799,1.14832,1.14786,1.14812,249
2024-01-11T11:15:00+00:00,1.14812,1.14950,1.14777,1.14922,200
2024-01-11T11:30:00+00:00,1.14922,1.15048,1.14900,1.15024,310
2024-01-11T11:45:00+00:00,1.15024,1.15048,1.14985,1.15027,379
2024-01-11T12:00:00+00:00,1.15027,1.15138,1.15000,1.15106,166
2024-01-11T12:15:00+00:00,1.15106,1.15129,1.14998,1.14998,193
2024-01-11T12:30:00+00:00,1.14998,1.15054,1.14994,1.15012,249
2024-01-11T12:45:00+00:00,1.15012,1.15126,1.14989,1.15102,263
2024-01-11T13:00:00+00:00,1.15102,1.15180,1.15068,1.15146,121
2024-01-11T13:15:00+00:00,1.15146,1.15266,1.15096,1.15234,151
2024-01-11T13:30:00+00:00,1.15234,1.15310,1.15229,1.15298,118
2024-01-11T13:45:00+00:00,1.15298,1.15343,1.15210,1.15247,95
2024-01-11T14:00:00+00:00,1.15247,1.15346,1.15244,1.15310,98
2024-01-11T14:15:00+00:00,1.15310,1.15345,1.15289,1.15301,356
2024-01-11T14:30:00+00:00,1.15301,1.15310,1.15217,1.15231,381
2024-01-11T14:45:00+00:00,1.15231,1.15298,1.15207,1.15295,317
2024-01-11T15:00:00+00:00,1.15295,1.15301,1.15292,1.15301,202
2024-01-11T15:15:00+00:00,1.15301,1.15371,1.15257,1.15339,394
2024-01-11T15:30:00+00:00,1.15339,1.15386,1.15319,1.15330,369
2024-01-11T15:45:00+00:00,1.15330,1.15431,1.15316,1.15389,154
2024-01-11T16:00:00+00:00,1.15389,1.15448,1.15376,1.15414,329
2024-01-11T16:15:00+00:00,1.15414,1.15480,1.15391,1.15478,199
2024-01-11T16:30:00+00:00,1.15478,1.15553,1.15454,1.15548,320
2024-01-11T16:45:00+00:00,1.15548,1.15602,1.15516,1.15547,100
2024-01-11T17:00:00+00:00,1.15547,1.15633,1.15537,1.15630,220
2024-01-11T17:15:00+00:00,1.15630,1.15642,1.15570,1.15590,358
2024-01-11T17:30:00+00:00,1.15590,1.15603,1.15539,1.15567,119
2024-01-11T17:45:00+00:00,1.15567,1.15681,1.15564,1.15652,194
2024-01-11T18:00:00+00:00,1.15652,1.15655,1.15603,1.15626,326
2024-01-11T18:15:00+00:00,1.15626,1.15628,1.15602,1.15604,151
2024-01-11T18:30:00+00:00,1.15604,1.15612,1.15568,1.15592,156
2024-01-11T18:45:00+00:00,1.15592,1.15628,1.15566,1.15617,140
2024-01-11T19:00:00+00:00,1.15617,1.15643,1.15605,1.15612,325
2024-01-11T19:15:00+00:00,1.15612,1.15706,1.15607,1.15666,290
2024-01-11T19:30:00+00:00,1.15666,1.15713,1.15650,1.15712,342
2024-01-11T19:45:00+00:00,1.15712,1.15762,1.15702,1.15724,108
2024-01-11T20:00:00+00:00,1.15724,1.15878,1.15693,1.15819,368
2024-01-11T20:15:00+00:00,1.15819,1.15880,1.15772,1.15840,225
2024-01-11T20:30:00+00:00,1.15840,1.15914,1.15814,1.15907,326
2024-01-11T20:45:00+00:00,1.15907,1.15934,1.15842,1.15892,387
2024-01-11T21:00:00+00:00,1.15892,1.15999,1.15887,1.15968,341
2024-01-11T21:15:00+00:00,1.15968,1.15972,1.15863,1.15911,255
2024-01-11T21:30:00+00:00,1.15911,1.16027,1.15884,1.16008,147
2024-01-11T21:45:00+00:00,1.16008,1.16074,1.15995,1.16058,338
2024-01-11T22:00:00+00:00,1.16058,1.16110,1.16024,1.16039,394
2024-01-11T22:15:00+00:00,1.16039,1.16091,1.16003,1.16041,352
2024-01-11T22:30:00+00:00,1.16041,1.16041,1.16020,1.16036,388
2024-01-11T22:45:00+00:00,1.16036,1.16066,1.16036,1.16064,300
2024-01-11T23:00:00+00:00,1.16064,1.16068,1.15996,1.16031,197
2024-01-11T23:15:00+00:00,1.16031,1.16107,1.16018,1.16076,275
2024-01-11T23:30:00+00:00,1.16076,1.16119,1.15988,1.16035,374
2024-01-11T23:45:00+00:00,1.16035,1.16049,1.15987,1.15997,324
2024-01-12T00:00:00+00:00,1.15997,1.16099,1.15962,1.16033,358
2024-01-12T00:15:00+00:00,1.16033,1.16113,1.16023,1.16097,83
2024-01-12T00:30:00+00:00,1.16097,1.16104,1.16050,1.16093,241
2024-01-12T00:45:00+00:00,1.16093,1.16132,1.16086,1.16120,298
2024-01-12T01:00:00+00:00,1.16120,1.16138,1.16096,1.16115,267
2024-01-12T01:15:00+00:00,1.16115,1.16186,1.16028,1.16088,283
2024-01-12T01:30:00+00:00,1.16088,1.16142,1.16080,1.16111,269
2024-01-12T01:45:00+00:00,1.16111,1.16144,1.16053,1.16066,237
2024-01-12T02:00:00+00:00,1.16066,1.16090,1.15982,1.15995,140
2024-01-12T02:15:00+00:00,1.15995,1.16036,1.15963,1.16036,162
2024-01-12T02:30:00+00:00,1.16036,1.16135,1.16024,1.16114,394
2024-01-12T02:45:00+00:00,1.16114,1.16129,1.15985,1.16029,162
2024-01-12T03:00:00+00:00,1.16029,1.16057,1.15965,1.15984,321
2024-01-12T03:15:00+00:00,1.15984,1.16013,1.15884,1.15899,112
2024-01-12T03:30:00+00:00,1.15899,1.15942,1.15861,1.15913,285
2024-01-12T03:45:00+00:00,1.15913,1.15941,1.15848,1.15871,385
2024-01-12T04:00:00+00:00,1.15871,1.16005,1.15856,1.15987,85
2024-01-12T04:15:00+00:00,1.15987,1.16081,1.15945,1.16068,345
2024-01-12T04:30:00+00:00,1.16068,1.16091,1.16039,1.16083,198
2024-01-12T04:45:00+00:00,1.16083,1.16117,1.16029,1.16059,264
2024-01-12T05:00:00+00:00,1.16059,1.16077,1.16003,1.16076,284
2024-01-12T05:15:00+00:00,1.16076,1.16282,1.16052,1.16264,380
2024-01-12T05:30:00+00:00,1.16264,1.16289,1.16245,1.16284,361
2024-01-12T05:45:00+00:00,1.16284,1.16296,1.16117,1.16172,378
2024-01-12T06:00:00+00:00,1.16172,1.16235,1.16093,1.16099,179
2024-01-12T06:15:00+00:00,1.16099,1.16226,1.16091,1.16196,82
2024-01-12T06:30:00+00:00,1.16196,1.16239,1.16187,1.16208,230
2024-01-12T06:45:00+00:00,1.16208,1.16246,1.16195,1.16238,342
2024-01-12T07:00:00+00:00,1.16238,1.16388,1.16223,1.16371,306
2024-01-12T07:15:00+00:00,1.16371,1.16409,1.16306,1.16314,204
2024-01-12T07:30:00+00:00,1.16314,1.16412,1.16282,1.16336,380
2024-01-12T07:45:00+00:00,1.16336,1.16389,1.16309,1.16367,212
2024-01-12T08:00:00+00:00,1.16367,1.16476,1.16322,1.16459,197
2024-01-12T08:15:00+00:00,1.16459,1.16479,1.16429,1.16469,260
2024-01-12T08:30:00+00:00,1.16469,1.16475,1.16458,1.16474,127
2024-01-12T08:45:00+00:00,1.16474,1.16514,1.16418,1.16448,255
2024-01-12T09:00:00+00:00,1.16448,1.16616,1.16420,1.16584,373
2024-01-12T09:15:00+00:00,1.16584,1.16613,1.16512,1.16605,177
2024-01-12T09:30:00+00:00,1.16605,1.16605,1.16571,1.16577,185
2024-01-12T09:45:00+00:00,1.16577,1.16584,1.16411,1.16467,396
2024-01-12T10:00:00+00:00,1.16467,1.16508,1.16405,1.16414,332
2024-01-12T10:15:00+00:00,1.16414,1.16480,1.16381,1.16442,357
2024-01-12T10:30:00+00:00,1.16442,1.16580,1.16424,1.16565,374
2024-01-12T10:45:00+00:00,1.16565,1.16637,1.16540,1.16614,341
2024-01-12T11:00:00+00:00,1.16614,1.16637,1.16605,1.16616,296
2024-01-12T11:15:00+00:00,1.16616,1.16653,1.16611,1.16616,337
2024-01-12T11:30:00+00:00,1.16616,1.16665,1.16552,1.16558,141
2024-01-12T11:45:00+00:00,1.16558,1.16568,1.16470,1.16501,84
2024-01-12T12:00:00+00:00,1.16501,1.16553,1.16478,1.16551,393
2024-01-12T12:15:00+00:00,1.16551,1.16564,1.16519,1.16534,214
2024-01-12T12:30:00+00:00,1.16534,1.16582,1.16512,1.16548,335
2024-01-12T12:45:00+00:00,1.16548,1.16576,1.16504,1.16518,270
2024-01-12T13:00:00+00:00,1.16518,1.16541,1.16449,1.16486,374
2024-01-12T13:15:00+00:00,1.16486,1.16538,1.16435,1.16517,218
2024-01-12T13:30:00+00:00,1.16517,1.16585,1.16505,1.16549,156
2024-01-12T13:45:00+00:00,1.16549,1.16553,1.16524,1.16525,295
2024-01-12T14:00:00+00:00,1.16525,1.16525,1.16312,1.16334,241
2024-01-12T14:15:00+00:00,1.16334,1.16339,1.16256,1.16281,367
2024-01-12T14:30:00+00:00,1.16281,1.16306,1.16266,1.16298,190
2024-01-12T14:45:00+00:00,1.16298,1.16338,1.16267,1.16325,129
2024-01-12T15:00:00+00:00,1.16325,1.16333,1.16253,1.16278,211
2024-01-12T15:15:00+00:00,1.16278,1.16359,1.16252,1.16342,259
2024-01-12T15:30:00+00:00,1.16342,1.16507,1.16329,1.16450,355
2024-01-12T15:45:00+00:00,1.16450,1.16552,1.16403,1.16528,261
2024-01-12T16:00:00+00:00,1.16528,1.16560,1.16494,1.16499,120
2024-01-12T16:15:00+00:00,1.16499,1.16517,1.16421,1.16438,154
2024-01-12T16:30:00+00:00,1.16438,1.16531,1.16410,1.16499,393
2024-01-12T16:45:00+00:00,1.16499,1.16552,1.16449,1.16474,116
2024-01-12T17:00:00+00:00,1.16474,1.16538,1.16458,1.16525,216
2024-01-12T17:15:00+00:00,1.16525,1.16631,1.16507,1.16608,307
2024-01-12T17:30:00+00:00,1.16608,1.16706,1.16607,1.16637,310
2024-01-12T17:45:00+00:00,1.16637,1.16653,1.16555,1.16565,91
2024-01-12T18:00:00+00:00,1.16565,1.16613,1.16565,1.16597,120
2024-01-12T18:15:00+00:00,1.16597,1.16704,1.16568,1.16697,128
2024-01-12T18:30:00+00:00,1.16697,1.16835,1.16690,1.16811,283
2024-01-12T18:45:00+00:00,1.16811,1.16909,1.16792,1.16807,133
2024-01-12T19:00:00+00:00,1.16807,1.16824,1.16768,1.16804,238
2024-01-12T19:15:00+00:00,1.16804,1.16810,1.16651,1.16700,306
2024-01-12T19:30:00+00:00,1.16700,1.16711,1.16672,1.16676,262
2024-01-12T19:45:00+00:00,1.16676,1.16693,1.16642,1.16663,323
2024-01-12T20:00:00+00:00,1.16663,1.16675,1.16507,1.16542,149
2024-01-12T20:15:00+00:00,1.16542,1.16588,1.16501,1.16510,170
2024-01-12T20:30:00+00:00,1.16510,1.16528,1.16452,1.16452,302
2024-01-12T20:45:00+00:00,1.16452,1.16494,1.16320,1.16326,238
2024-01-12T21:00:00+00:00,1.16326,1.16400,1.16325,1.16381,237
2024-01-12T21:15:00+00:00,1.16381,1.16419,1.16364,1.16404,235
2024-01-12T21:30:00+00:00,1.16404,1.16475,1.16403,1.16473,226
2024-01-12T21:45:00+00:00,1.16473,1.16477,1.16436,1.16436,331
2024-01-12T22:00:00+00:00,1.16436,1.16508,1.16405,1.16497,229
2024-01-12T22:15:00+00:00,1.16497,1.16540,1.16465,1.16496,360
2024-01-12T22:30:00+00:00,1.16496,1.16518,1.16419,1.16447,163
2024-01-12T22:45:00+00:00,1.16447,1.16457,1.16377,1.16420,273
2024-01-12T23:00:00+00:00,1.16420,1.16432,1.16393,1.16418,393
2024-01-12T23:15:00+00:00,1.16418,1.16435,1.16319,1.16361,225
2024-01-12T23:30:00+00:00,1.16361,1.16391,1.16309,1.16311,115
2024-01-12T23:45:00+00:00,1.16311,1.16353,1.16288,1.16343,313
2024-01-13T00:00:00+00:00,1.16343,1.16359,1.16286,1.16300,89
2024-01-13T00:15:00+00:00,1.16300,1.16346,1.16201,1.16266,91
2024-01-13T00:30:00+00:00,1.16266,1.16282,1.16260,1.16269,84
2024-01-13T00:45:00+00:00,1.16269,1.16358,1.16252,1.16356,332
2024-01-13T01:00:00+00:00,1.16356,1.16391,1.16348,1.16360,270
2024-01-13T01:15:00+00:00,1.16360,1.16412,1.16271,1.16283,249
2024-01-13T01:30:00+00:00,1.16283,1.16386,1.16269,1.16362,280
2024-01-13T01:45:00+00:00,1.16362,1.16420,1.16347,1.16390,178
2024-01-13T02:00:00+00:00,1.16390,1.16430,1.16386,1.16416,207
2024-01-13T02:15:00+00:00,1.16416,1.16477,1.16359,1.16413,206
2024-01-13T02:30:00+00:00,1.16413,1.16421,1.16352,1.16402,346
2024-01-13T02:45:00+00:00,1.16402,1.16426,1.16384,1.16416,279
2024-01-13T03:00:00+00:00,1.16416,1.16440,1.16365,1.16384,101
2024-01-13T03:15:00+00:00,1.16384,1.16449,1.16346,1.16448,142
2024-01-13T03:30:00+00:00,1.16448,1.16491,1.16415,1.16435,191
2024-01-13T03:45:00+00:00,1.16435,1.16564,1.16431,1.16542,302
2024-01-13T04:00:00+00:00,1.16542,1.16558,1.16511,1.16513,204
2024-01-13T04:15:00+00:00,1.16513,1.16540,1.16513,1.16531,323
2024-01-13T04:30:00+00:00,1.16531,1.16547,1.16502,1.16505,335
2024-01-13T04:45:00+00:00,1.16505,1.16540,1.16424,1.16447,400
2024-01-13T05:00:00+00:00,1.16447,1.16496,1.16426,1.16486,134
2024-01-13T05:15:00+00:00,1.16486,1.16549,1.16470,1.16533,365
2024-01-13T05:30:00+00:00,1.16533,1.16592,1.16522,1.16543,178
2024-01-13T05:45:00+00:00,1.16543,1.16572,1.16465,1.16468,148
2024-01-13T06:00:00+00:00,1.16468,1.16477,1.16443,1.16454,357
2024-01-13T06:15:00+00:00,1.16454,1.16460,1.16346,1.16365,175
2024-01-13T06:30:00+00:00,1.16365,1.16372,1.16239,1.16298,386
2024-01-13T06:45:00+00:00,1.16298,1.16339,1.16279,1.16307,115
2024-01-13T07:00:00+00:00,1.16307,1.16313,1.16211,1.16226,312
2024-01-13T07:15:00+00:00,1.16226,1.16269,1.16142,1.16142,274
2024-01-13T07:30:00+00:00,1.16142,1.16204,1.16092,1.16113,397
2024-01-13T07:45:00+00:00,1.16113,1.16116,1.16009,1.16057,355
2024-01-13T08:00:00+00:00,1.16057,1.16075,1.16036,1.16057,158
2024-01-13T08:15:00+00:00,1.16057,1.16077,1.15929,1.15946,244
2024-01-13T08:30:00+00:00,1.15946,1.16008,1.15894,1.15984,146
2024-01-13T08:45:00+00:00,1.15984,1.16016,1.15977,1.16013,134
2024-01-13T09:00:00+00:00,1.16013,1.16014,1.15916,1.15967,330
2024-01-13T09:15:00+00:00,1.15967,1.16013,1.15892,1.15899,211
2024-01-13T09:30:00+00:00,1.15899,1.15927,1.15898,1.15921,186
2024-01-13T09:45:00+00:00,1.15921,1.15959,1.15835,1.15892,120
2024-01-13T10:00:00+00:00,1.15892,1.15900,1.15757,1.15789,292
2024-01-13T10:15:00+00:00,1.15789,1.15868,1.15741,1.15845,109
2024-01-13T10:30:00+00:00,1.15845,1.15867,1.15834,1.15846,235
2024-01-13T10:45:00+00:00,1.15846,1.15864,1.15821,1.15831,345
2024-01-13T11:00:00+00:00,1.15831,1.15917,1.15812,1.15889,349
2024-01-13T11:15:00+00:00,1.15889,1.15911,1.15828,1.15861,171
2024-01-13T11:30:00+00:00,1.15861,1.15875,1.15767,1.15768,375
2024-01-13T11:45:00+00:00,1.15768,1.15789,1.15618,1.15644,298
2024-01-13T12:00:00+00:00,1.15644,1.15662,1.15631,1.15649,252
2024-01-13T12:15:00+00:00,1.15649,1.15703,1.15618,1.15683,387
2024-01-13T12:30:00+00:00,1.15683,1.15692,1.15571,1.15608,246
2024-01-13T12:45:00+00:00,1.15608,1.15772,1.15582,1.15755,300
2024-01-13T13:00:00+00:00,1.15755,1.15780,1.15753,1.15757,272
2024-01-13T13:15:00+00:00,1.15757,1.15816,1.15689,1.15809,210
2024-01-13T13:30:00+00:00,1.15809,1.15834,1.15743,1.15743,97
2024-01-13T13:45:00+00:00,1.15743,1.15784,1.15715,1.15719,345
2024-01-13T14:00:00+00:00,1.15719,1.15826,1.15633,1.15779,189
2024-01-13T14:15:00+00:00,1.15779,1.15783,1.15757,1.15762,221
2024-01-13T14:30:00+00:00,1.15762,1.15817,1.15726,1.15800,128
2024-01-13T14:45:00+00:00,1.15800,1.15827,1.15735,1.15742,150
2024-01-13T15:00:00+00:00,1.15742,1.15804,1.15705,1.15705,233
2024-01-13T15:15:00+00:00,1.15705,1.15751,1.15688,1.15726,191
2024-01-13T15:30:00+00:00,1.15726,1.15774,1.15686,1.15691,375
2024-01-13T15:45:00+00:00,1.15691,1.15696,1.15617,1.15629,233
2024-01-13T16:00:00+00:00,1.15629,1.15722,1.15591,1.15709,251
2024-01-13T16:15:00+00:00,1.15709,1.15786,1.15664,1.15754,293
2024-01-13T16:30:00+00:00,1.15754,1.15761,1.15747,1.15755,388
2024-01-13T16:45:00+00:00,1.15755,1.15793,1.15611,1.15629,275
2024-01-13T17:00:00+00:00,1.15629,1.15683,1.15613,1.15671,247
2024-01-13T17:15:00+00:00,1.15671,1.15735,1.15671,1.15714,105
2024-01-13T17:30:00+00:00,1.15714,1.15806,1.15542,1.15591,374
2024-01-13T17:45:00+00:00,1.15591,1.15612,1.15545,1.15545,228
2024-01-13T18:00:00+00:00,1.15545,1.15562,1.15507,1.15525,105
2024-01-13T18:15:00+00:00,1.15525,1.15578,1.15518,1.15555,284
2024-01-13T18:30:00+00:00,1.15555,1.15556,1.15412,1.15423,366
2024-01-13T18:45:00+00:00,1.15423,1.15433,1.15390,1.15418,372
2024-01-13T19:00:00+00:00,1.15418,1.15457,1.15415,1.15417,116
2024-01-13T19:15:00+00:00,1.15417,1.15420,1.15311,1.15343,374
2024-01-13T19:30:00+00:00,1.15343,1.15413,1.15318,1.15389,244
2024-01-13T19:45:00+00:00,1.15389,1.15414,1.15349,1.15385,236
2024-01-13T20:00:00+00:00,1.15385,1.15409,1.15359,1.15382,399
2024-01-13T20:15:00+00:00,1.15382,1.15388,1.15248,1.15255,199
2024-01-13T20:30:00+00:00,1.15255,1.15282,1.15240,1.15243,137
2024-01-13T20:45:00+00:00,1.15243,1.15244,1.15073,1.15095,397
2024-01-13T21:00:00+00:00,1.15095,1.15199,1.15093,1.15172,136
2024-01-13T21:15:00+00:00,1.15172,1.15184,1.15101,1.15133,249
2024-01-13T21:30:00+00:00,1.15133,1.15169,1.15110,1.15120,212
2024-01-13T21:45:00+00:00,1.15120,1.15199,1.15108,1.15159,152
2024-01-13T22:00:00+00:00,1.15159,1.15201,1.15051,1.15097,349
2024-01-13T22:15:00+00:00,1.15097,1.15175,1.15092,1.15157,225
2024-01-13T22:30:00+00:00,1.15157,1.15201,1.15149,1.15153,84
2024-01-13T22:45:00+00:00,1.15153,1.15228,1.15135,1.15188,264
2024-01-13T23:00:00+00:00,1.15188,1.15192,1.15134,1.15163,198
2024-01-13T23:15:00+00:00,1.15163,1.15198,1.15062,1.15066,130
2024-01-13T23:30:00+00:00,1.15066,1.15110,1.15056,1.15090,181
2024-01-13T23:45:00+00:00,1.15090,1.15123,1.15042,1.15043,91
2024-01-14T00:00:00+00:00,1.15043,1.15158,1.15031,1.15141,160
2024-01-14T00:15:00+00:00,1.15141,1.15218,1.15136,1.15173,261
2024-01-14T00:30:00+00:00,1.15173,1.15189,1.15073,1.15109,111
2024-01-14T00:45:00+00:00,1.15109,1.15152,1.15021,1.15065,95
2024-01-14T01:00:00+00:00,1.15065,1.15194,1.15061,1.15169,281
2024-01-14T01:15:00+00:00,1.15169,1.15196,1.15158,1.15189,275
2024-01-14T01:30:00+00:00,1.15189,1.15195,1.15033,1.15065,293
2024-01-14T01:45:00+00:00,1.15065,1.15066,1.14948,1.14965,239
2024-01-14T02:00:00+00:00,1.14965,1.14991,1.14946,1.14976,150
2024-01-14T02:15:00+00:00,1.14976,1.15016,1.14908,1.14931,183
2024-01-14T02:30:00+00:00,1.14931,1.14950,1.14919,1.14929,149
2024-01-14T02:45:00+00:00,1.14929,1.14989,1.14796,1.14824,154
2024-01-14T03:00:00+00:00,1.14824,1.14856,1.14740,1.14746,352
2024-01-14T03:15:00+00:00,1.14746,1.14760,1.14725,1.14729,242
2024-01-14T03:30:00+00:00,1.14729,1.14744,1.14686,1.14712,291
2024-01-14T03:45:00+00:00,1.14712,1.14737,1.14680,1.14686,220
2024-01-14T04:00:00+00:00,1.14686,1.14702,1.14668,1.14672,393
2024-01-14T04:15:00+00:00,1.14672,1.14703,1.14619,1.14647,393
2024-01-14T04:30:00+00:00,1.14647,1.14668,1.14605,1.14616,324
2024-01-14T04:45:00+00:00,1.14616,1.14654,1.14484,1.14527,320
2024-01-14T05:00:00+00:00,1.14527,1.14555,1.14456,1.14477,150
2024-01-14T05:15:00+00:00,1.14477,1.14488,1.14366,1.14385,289
2024-01-14T05:30:00+00:00,1.14385,1.14390,1.14345,1.14349,183
2024-01-14T05:45:00+00:00,1.14349,1.14374,1.14338,1.14374,304
2024-01-14T06:00:00+00:00,1.14374,1.14409,1.14359,1.14384,206
2024-01-14T06:15:00+00:00,1.14384,1.14452,1.14361,1.14406,391
2024-01-14T06:30:00+00:00,1.14406,1.14435,1.14347,1.14363,372
2024-01-14T06:45:00+00:00,1.14363,1.14432,1.14343,1.14402,99
2024-01-14T07:00:00+00:00,1.14402,1.14406,1.14295,1.14299,205
2024-01-14T07:15:00+00:00,1.14299,1.14329,1.14243,1.14246,100
2024-01-14T07:30:00+00:00,1.14246,1.14259,1.14134,1.14141,229
2024-01-14T07:45:00+00:00,1.14141,1.14199,1.14066,1.14089,226
2024-01-14T08:00:00+00:00,1.14089,1.14097,1.13983,1.13990,344
2024-01-14T08:15:00+00:00,1.13990,1.14018,1.13920,1.13939,311
2024-01-14T08:30:00+00:00,1.13939,1.13980,1.13922,1.13961,359
2024-01-14T08:45:00+00:00,1.13961,1.14015,1.13938,1.13995,310
2024-01-14T09:00:00+00:00,1.13995,1.14027,1.13944,1.14022,312
2024-01-14T09:15:00+00:00,1.14022,1.14044,1.13892,1.13906,163
2024-01-14T09:30:00+00:00,1.13906,1.13921,1.13837,1.13861,265
2024-01-14T09:45:00+00:00,1.13861,1.13906,1.13837,1.13866,341
2024-01-14T10:00:00+00:00,1.13866,1.13878,1.13792,1.13800,167
2024-01-14T10:15:00+00:00,1.13800,1.13833,1.13736,1.13756,156
2024-01-14T10:30:00+00:00,1.13756,1.13770,1.13734,1.13735,237
2024-01-14T10:45:00+00:00,1.13735,1.13754,1.13629,1.13677,308
2024-01-14T11:00:00+00:00,1.13677,1.13695,1.13567,1.13629,81
2024-01-14T11:15:00+00:00,1.13629,1.13645,1.13483,1.13499,314
2024-01-14T11:30:00+00:00,1.13499,1.13499,1.13375,1.13389,332
2024-01-14T11:45:00+00:00,1.13389,1.13392,1.13233,1.13273,323
2024-01-14T12:00:00+00:00,1.13273,1.13282,1.13169,1.13172,360
2024-01-14T12:15:00+00:00,1.13172,1.13179,1.13087,1.13128,186
2024-01-14T12:30:00+00:00,1.13128,1.13134,1.13117,1.13122,96
2024-01-14T12:45:00+00:00,1.13122,1.13150,1.13019,1.13069,232
2024-01-14T13:00:00+00:00,1.13069,1.13080,1.12943,1.13017,162
2024-01-14T13:15:00+00:00,1.13017,1.13117,1.12980,1.13098,384
2024-01-14T13:30:00+00:00,1.13098,1.13115,1.12940,1.12989,264
2024-01-14T13:45:00+00:00,1.12989,1.13001,1.12923,1.12928,233
2024-01-14T14:00:00+00:00,1.12928,1.12986,1.12811,1.12832,361
2024-01-14T14:15:00+00:00,1.12832,1.12863,1.12688,1.12701,142
2024-01-14T14:30:00+00:00,1.12701,1.12724,1.12609,1.12645,187
2024-01-14T14:45:00+00:00,1.12645,1.12656,1.12583,1.12593,350
2024-01-14T15:00:00+00:00,1.12593,1.12624,1.12566,1.12622,227
2024-01-14T15:15:00+00:00,1.12622,1.12674,1.12426,1.12452,212
2024-01-14T15:30:00+00:00,1.12452,1.12468,1.12210,1.12219,368
2024-01-14T15:45:00+00:00,1.12219,1.12268,1.12204,1.12205,334
2024-01-14T16:00:00+00:00,1.12205,1.12206,1.12091,1.12127,179
2024-01-14T16:15:00+00:00,1.12127,1.12134,1.12027,1.12027,400
2024-01-14T16:30:00+00:00,1.12027,1.12074,1.12005,1.12016,292
2024-01-14T16:45:00+00:00,1.12016,1.12079,1.12002,1.12056,366
2024-01-14T17:00:00+00:00,1.12056,1.12075,1.12001,1.12030,210
2024-01-14T17:15:00+00:00,1.12030,1.12036,1.11894,1.11919,339
2024-01-14T17:30:00+00:00,1.11919,1.11935,1.11761,1.11782,282
2024-01-14T17:45:00+00:00,1.11782,1.11788,1.11736,1.11777,94
2024-01-14T18:00:00+00:00,1.11777,1.11794,1.11722,1.11756,325
2024-01-14T18:15:00+00:00,1.11756,1.11803,1.11572,1.11599,149
2024-01-14T18:30:00+00:00,1.11599,1.11604,1.11447,1.11476,251
2024-01-14T18:45:00+00:00,1.11476,1.11529,1.11376,1.11389,108
2024-01-14T19:00:00+00:00,1.11389,1.11411,1.11371,1.11375,354
2024-01-14T19:15:00+00:00,1.11375,1.11414,1.11278,1.11283,249
2024-01-14T19:30:00+00:00,1.11283,1.11343,1.11234,1.11282,223
2024-01-14T19:45:00+00:00,1.11282,1.11383,1.11259,1.11368,272
2024-01-14T20:00:00+00:00,1.11368,1.11409,1.11220,1.11247,384
2024-01-14T20:15:00+00:00,1.11247,1.11286,1.11146,1.11182,237
2024-01-14T20:30:00+00:00,1.11182,1.11207,1.11097,1.11127,334
2024-01-14T20:45:00+00:00,1.11127,1.11148,1.11080,1.11100,234
2024-01-14T21:00:00+00:00,1.11100,1.11125,1.11031,1.11071,183
2024-01-14T21:15:00+00:00,1.11071,1.11127,1.11054,1.11099,92
2024-01-14T21:30:00+00:00,1.11099,1.11161,1.11083,1.11099,327
2024-01-14T21:45:00+00:00,1.11099,1.11108,1.11063,1.11104,247
2024-01-14T22:00:00+00:00,1.11104,1.11188,1.11073,1.11140,147
2024-01-14T22:15:00+00:00,1.11140,1.11142,1.10966,1.10973,278
2024-01-14T22:30:00+00:00,1.10973,1.11009,1.10848,1.10917,384
2024-01-14T22:45:00+00:00,1.10917,1.10936,1.10862,1.10882,103
2024-01-14T23:00:00+00:00,1.10882,1.10955,1.10881,1.10924,239
2024-01-14T23:15:00+00:00,1.10924,1.10937,1.10856,1.10872,182
2024-01-14T23:30:00+00:00,1.10872,1.10894,1.10836,1.10849,140
2024-01-14T23:45:00+00:00,1.10849,1.10871,1.10832,1.10869,138
2024-01-15T00:00:00+00:00,1.10869,1.10917,1.10848,1.10913,259
2024-01-15T00:15:00+00:00,1.10913,1.10936,1.10863,1.10870,225
2024-01-15T00:30:00+00:00,1.10870,1.10879,1.10775,1.10798,356
2024-01-15T00:45:00+00:00,1.10798,1.10892,1.10793,1.10877,321
2024-01-15T01:00:00+00:00,1.10877,1.10882,1.10844,1.10854,280
2024-01-15T01:15:00+00:00,1.10854,1.10871,1.10796,1.10832,383
2024-01-15T01:30:00+00:00,1.10832,1.10865,1.10704,1.10730,250
2024-01-15T01:45:00+00:00,1.10730,1.10750,1.10667,1.10710,353
2024-01-15T02:00:00+00:00,1.10710,1.10824,1.10707,1.10791,127
2024-01-15T02:15:00+00:00,1.10791,1.10817,1.10613,1.10676,319
2024-01-15T02:30:00+00:00,1.10676,1.10694,1.10644,1.10680,320
2024-01-15T02:45:00+00:00,1.10680,1.10682,1.10539,1.10561,395
2024-01-15T03:00:00+00:00,1.10561,1.10589,1.10492,1.10520,249
2024-01-15T03:15:00+00:00,1.10520,1.10619,1.10459,1.10604,312
2024-01-15T03:30:00+00:00,1.10604,1.10605,1.10518,1.10544,167
2024-01-15T03:45:00+00:00,1.10544,1.10556,1.10517,1.10551,374
2024-01-15T04:00:00+00:00,1.10551,1.10561,1.10510,1.10532,246
2024-01-15T04:15:00+00:00,1.10532,1.10543,1.10393,1.10397,234
2024-01-15T04:30:00+00:00,1.10397,1.10403,1.10265,1.10300,360
2024-01-15T04:45:00+00:00,1.10300,1.10325,1.10271,1.10306,113
2024-01-15T05:00:00+00:00,1.10306,1.10352,1.10165,1.10209,302
2024-01-15T05:15:00+00:00,1.10209,1.10235,1.10104,1.10115,200
2024-01-15T05:30:00+00:00,1.10115,1.10159,1.10112,1.10120,329
2024-01-15T05:45:00+00:00,1.10120,1.10150,1.09962,1.09989,246
2024-01-15T06:00:00+00:00,1.09989,1.10008,1.09813,1.09847,115
2024-01-15T06:15:00+00:00,1.09847,1.09982,1.09821,1.09944,385
2024-01-15T06:30:00+00:00,1.09944,1.09973,1.09872,1.09916,126
2024-01-15T06:45:00+00:00,1.09916,1.09919,1.09866,1.09882,377
2024-01-15T07:00:00+00:00,1.09882,1.09941,1.09866,1.09916,156
2024-01-15T07:15:00+00:00,1.09916,1.09940,1.09873,1.09880,395
2024-01-15T07:30:00+00:00,1.09880,1.09890,1.09798,1.09809,371
2024-01-15T07:45:00+00:00,1.09809,1.09822,1.09682,1.09726,302
2024-01-15T08:00:00+00:00,1.09726,1.09791,1.09624,1.09664,393
2024-01-15T08:15:00+00:00,1.09664,1.09694,1.09621,1.09623,145
2024-01-15T08:30:00+00:00,1.09623,1.09632,1.09537,1.09601,80
2024-01-15T08:45:00+00:00,1.09601,1.09617,1.09421,1.09474,263
2024-01-15T09:00:00+00:00,1.09474,1.09492,1.09443,1.09477,382
2024-01-15T09:15:00+00:00,1.09477,1.09497,1.09438,1.09454,275
2024-01-15T09:30:00+00:00,1.09454,1.09472,1.09362,1.09366,151
2024-01-15T09:45:00+00:00,1.09366,1.09379,1.09339,1.09368,264
2024-01-15T10:00:00+00:00,1.09368,1.09382,1.09307,1.09352,148
2024-01-15T10:15:00+00:00,1.09352,1.09395,1.09313,1.09316,153
2024-01-15T10:30:00+00:00,1.09316,1.09350,1.09186,1.09270,123
2024-01-15T10:45:00+00:00,1.09270,1.09342,1.09229,1.09307,313
2024-01-15T11:00:00+00:00,1.09307,1.09374,1.09269,1.09346,312
2024-01-15T11:15:00+00:00,1.09346,1.09384,1.09274,1.09277,310
2024-01-15T11:30:00+00:00,1.09277,1.09291,1.09208,1.09211,335
2024-01-15T11:45:00+00:00,1.09211,1.09224,1.09163,1.09181,336
2024-01-15T12:00:00+00:00,1.09181,1.09250,1.09125,1.09132,99
2024-01-15T12:15:00+00:00,1.09132,1.09175,1.09073,1.09092,137
2024-01-15T12:30:00+00:00,1.09092,1.09129,1.08883,1.08925,349
2024-01-15T12:45:00+00:00,1.08925,1.09025,1.08917,1.08940,223
2024-01-15T13:00:00+00:00,1.08940,1.08942,1.08874,1.08884,321
2024-01-15T13:15:00+00:00,1.08884,1.08914,1.08803,1.08836,119
2024-01-15T13:30:00+00:00,1.08836,1.08870,1.08738,1.08774,255
2024-01-15T13:45:00+00:00,1.08774,1.08778,1.08702,1.08703,312
2024-01-15T14:00:00+00:00,1.08703,1.08705,1.08601,1.08604,230
2024-01-15T14:15:00+00:00,1.08604,1.08606,1.08503,1.08511,385
2024-01-15T14:30:00+00:00,1.08511,1.08559,1.08469,1.08479,322
2024-01-15T14:45:00+00:00,1.08479,1.08514,1.08422,1.08440,229
2024-01-15T15:00:00+00:00,1.08440,1.08479,1.08437,1.08440,338
2024-01-15T15:15:00+00:00,1.08440,1.08487,1.08410,1.08434,209
2024-01-15T15:30:00+00:00,1.08434,1.08455,1.08431,1.08437,137
2024-01-15T15:45:00+00:00,1.08437,1.08489,1.08359,1.08399,157
2024-01-15T16:00:00+00:00,1.08399,1.08423,1.08315,1.08338,200
2024-01-15T16:15:00+00:00,1.08338,1.08456,1.08333,1.08403,96
2024-01-15T16:30:00+00:00,1.08403,1.08413,1.08317,1.08359,158
2024-01-15T16:45:00+00:00,1.08359,1.08467,1.08317,1.08441,291
2024-01-15T17:00:00+00:00,1.08441,1.08463,1.08378,1.08418,187
2024-01-15T17:15:00+00:00,1.08418,1.08472,1.08391,1.08421,107
2024-01-15T17:30:00+00:00,1.08421,1.08460,1.08316,1.08330,284
2024-01-15T17:45:00+00:00,1.08330,1.08363,1.08321,1.08326,352
2024-01-15T18:00:00+00:00,1.08326,1.08371,1.08289,1.08308,351
2024-01-15T18:15:00+00:00,1.08308,1.08313,1.08304,1.08310,309
2024-01-15T18:30:00+00:00,1.08310,1.08327,1.08170,1.08244,129
2024-01-15T18:45:00+00:00,1.08244,1.08281,1.08168,1.08189,301
2024-01-15T19:00:00+00:00,1.08189,1.08217,1.08092,1.08095,130
2024-01-15T19:15:00+00:00,1.08095,1.08117,1.08055,1.08116,316
2024-01-15T19:30:00+00:00,1.08116,1.08165,1.08100,1.08104,179
2024-01-15T19:45:00+00:00,1.08104,1.08149,1.07993,1.07998,172
2024-01-15T20:00:00+00:00,1.07998,1.08002,1.07958,1.07969,290
2024-01-15T20:15:00+00:00,1.07969,1.07981,1.07937,1.07945,308
2024-01-15T20:30:00+00:00,1.07945,1.07983,1.07862,1.07862,397
2024-01-15T20:45:00+00:00,1.07862,1.07921,1.07814,1.07853,191
2024-01-15T21:00:00+00:00,1.07853,1.07923,1.07849,1.07910,389
2024-01-15T21:15:00+00:00,1.07910,1.07940,1.07824,1.07856,369
2024-01-15T21:30:00+00:00,1.07856,1.07874,1.07829,1.07844,230
2024-01-15T21:45:00+00:00,1.07844,1.07914,1.07830,1.07845,312
2024-01-15T22:00:00+00:00,1.07845,1.07875,1.07787,1.07864,245
2024-01-15T22:15:00+00:00,1.07864,1.07900,1.07812,1.07898,221
2024-01-15T22:30:00+00:00,1.07898,1.07927,1.07880,1.07885,215
2024-01-15T22:45:00+00:00,1.07885,1.07890,1.07870,1.07880,182
2024-01-15T23:00:00+00:00,1.07880,1.07892,1.07812,1.07829,300
2024-01-15T23:15:00+00:00,1.07829,1.07837,1.07766,1.07808,306
2024-01-15T23:30:00+00:00,1.07808,1.07822,1.07745,1.07780,208
2024-01-15T23:45:00+00:00,1.07780,1.07794,1.07774,1.07793,334
2024-01-16T00:00:00+00:00,1.07793,1.07857,1.07752,1.07822,216
2024-01-16T00:15:00+00:00,1.07822,1.07838,1.07743,1.07765,280
2024-01-16T00:30:00+00:00,1.07765,1.07781,1.07647,1.07679,303
2024-01-16T00:45:00+00:00,1.07679,1.07719,1.07606,1.07633,115
2024-01-16T01:00:00+00:00,1.07633,1.07634,1.07555,1.07608,326
2024-01-16T01:15:00+00:00,1.07608,1.07635,1.07531,1.07557,263
2024-01-16T01:30:00+00:00,1.07557,1.07579,1.07415,1.07511,126
2024-01-16T01:45:00+00:00,1.07511,1.07600,1.07467,1.07561,254
2024-01-16T02:00:00+00:00,1.07561,1.07617,1.07557,1.07601,170
2024-01-16T02:15:00+00:00,1.07601,1.07675,1.07469,1.07495,177
2024-01-16T02:30:00+00:00,1.07495,1.07524,1.07423,1.07459,329
2024-01-16T02:45:00+00:00,1.07459,1.07534,1.07437,1.07498,177
2024-01-16T03:00:00+00:00,1.07498,1.07520,1.07490,1.07505,330
2024-01-16T03:15:00+00:00,1.07505,1.07545,1.07374,1.07408,237
2024-01-16T03:30:00+00:00,1.07408,1.07408,1.07206,1.07235,88
2024-01-16T03:45:00+00:00,1.07235,1.07245,1.07071,1.07073,101
2024-01-16T04:00:00+00:00,1.07073,1.07085,1.07002,1.07022,354
2024-01-16T04:15:00+00:00,1.07022,1.07046,1.06914,1.06946,116
2024-01-16T04:30:00+00:00,1.06946,1.06966,1.06926,1.06962,396
2024-01-16T04:45:00+00:00,1.06962,1.07006,1.06877,1.06890,146
2024-01-16T05:00:00+00:00,1.06890,1.06963,1.06844,1.06959,129
2024-01-16T05:15:00+00:00,1.06959,1.06977,1.06876,1.06881,382
2024-01-16T05:30:00+00:00,1.06881,1.06990,1.06851,1.06968,395
2024-01-16T05:45:00+00:00,1.06968,1.07016,1.06915,1.07006,298
2024-01-16T06:00:00+00:00,1.07006,1.07055,1.06930,1.06933,141
2024-01-16T06:15:00+00:00,1.06933,1.06971,1.06852,1.06858,150
2024-01-16T06:30:00+00:00,1.06858,1.06928,1.06775,1.06777,168
2024-01-16T06:45:00+00:00,1.06777,1.06789,1.06764,1.06781,152
2024-01-16T07:00:00+00:00,1.06781,1.06799,1.06758,1.06770,204
2024-01-16T07:15:00+00:00,1.06770,1.06791,1.06766,1.06783,131
2024-01-16T07:30:00+00:00,1.06783,1.06834,1.06771,1.06793,329
2024-01-16T07:45:00+00:00,1.06793,1.06808,1.06791,1.06805,125
2024-01-16T08:00:00+00:00,1.06805,1.06844,1.06762,1.06772,323
2024-01-16T08:15:00+00:00,1.06772,1.06858,1.06753,1.06850,218
2024-01-16T08:30:00+00:00,1.06850,1.06855,1.06740,1.06778,99
2024-01-16T08:45:00+00:00,1.06778,1.06817,1.06709,1.06736,393
2024-01-16T09:00:00+00:00,1.06736,1.06819,1.06730,1.06806,82
2024-01-16T09:15:00+00:00,1.06806,1.06824,1.06734,1.06741,351
2024-01-16T09:30:00+00:00,1.06741,1.06820,1.06684,1.06814,339
2024-01-16T09:45:00+00:00,1.06814,1.06824,1.06620,1.06670,186
2024-01-16T10:00:00+00:00,1.06670,1.06690,1.06641,1.06654,322
2024-01-16T10:15:00+00:00,1.06654,1.06672,1.06558,1.06558,102
2024-01-16T10:30:00+00:00,1.06558,1.06613,1.06552,1.06603,395
2024-01-16T10:45:00+00:00,1.06603,1.06656,1.06556,1.06639,102
2024-01-16T11:00:00+00:00,1.06639,1.06653,1.06622,1.06647,94
2024-01-16T11:15:00+00:00,1.06647,1.06662,1.06630,1.06631,200
2024-01-16T11:30:00+00:00,1.06631,1.06671,1.06600,1.06610,246
2024-01-16T11:45:00+00:00,1.06610,1.06640,1.06595,1.06638,196
2024-01-16T12:00:00+00:00,1.06638,1.06740,1.06618,1.06712,192
2024-01-16T12:15:00+00:00,1.06712,1.06747,1.06645,1.06663,107
2024-01-16T12:30:00+00:00,1.06663,1.06693,1.06633,1.06683,278
2024-01-16T12:45:00+00:00,1.06683,1.06706,1.06624,1.06648,179
2024-01-16T13:00:00+00:00,1.06648,1.06708,1.06528,1.06532,371
2024-01-16T13:15:00+00:00,1.06532,1.06573,1.06527,1.06557,318
2024-01-16T13:30:00+00:00,1.06557,1.06562,1.06483,1.06517,389
2024-01-16T13:45:00+00:00,1.06517,1.06647,1.06473,1.06617,393
2024-01-16T14:00:00+00:00,1.06617,1.06700,1.06597,1.06678,290
2024-01-16T14:15:00+00:00,1.06678,1.06700,1.06633,1.06661,190
2024-01-16T14:30:00+00:00,1.06661,1.06692,1.06553,1.06561,206
2024-01-16T14:45:00+00:00,1.06561,1.06654,1.06529,1.06654,193
2024-01-16T15:00:00+00:00,1.06654,1.06739,1.06631,1.06714,82
2024-01-16T15:15:00+00:00,1.06714,1.06782,1.06709,1.06775,320
2024-01-16T15:30:00+00:00,1.06775,1.06810,1.06738,1.06765,130
2024-01-16T15:45:00+00:00,1.06765,1.06812,1.06759,1.06791,365
2024-01-16T16:00:00+00:00,1.06791,1.06837,1.06773,1.06791,263
2024-01-16T16:15:00+00:00,1.06791,1.06826,1.06749,1.06813,126
2024-01-16T16:30:00+00:00,1.06813,1.06906,1.06796,1.06901,372
2024-01-16T16:45:00+00:00,1.06901,1.06958,1.06895,1.06958,312
2024-01-16T17:00:00+00:00,1.06958,1.06961,1.06920,1.06926,269
2024-01-16T17:15:00+00:00,1.06926,1.06959,1.06856,1.06889,80
2024-01-16T17:30:00+00:00,1.06889,1.06914,1.06868,1.06905,96
2024-01-16T17:45:00+00:00,1.06905,1.06919,1.06824,1.06872,393
2024-01-16T18:00:00+00:00,1.06872,1.06886,1.06768,1.06771,251
2024-01-16T18:15:00+00:00,1.06771,1.06772,1.06738,1.06748,266
2024-01-16T18:30:00+00:00,1.06748,1.06782,1.06721,1.06773,267
2024-01-16T18:45:00+00:00,1.06773,1.06866,1.06740,1.06837,114
2024-01-16T19:00:00+00:00,1.06837,1.06857,1.06727,1.06744,356
2024-01-16T19:15:00+00:00,1.06744,1.06814,1.06722,1.06788,377
2024-01-16T19:30:00+00:00,1.06788,1.06890,1.06787,1.06856,244
2024-01-16T19:45:00+00:00,1.06856,1.06870,1.06739,1.06758,296
2024-01-16T20:00:00+00:00,1.06758,1.06769,1.06739,1.06759,349
2024-01-16T20:15:00+00:00,1.06759,1.06836,1.06729,1.06820,352
2024-01-16T20:30:00+00:00,1.06820,1.06854,1.06782,1.06793,113
2024-01-16T20:45:00+00:00,1.06793,1.06902,1.06735,1.06878,124
2024-01-16T21:00:00+00:00,1.06878,1.07027,1.06860,1.06996,135
2024-01-16T21:15:00+00:00,1.06996,1.07155,1.06983,1.07148,155
2024-01-16T21:30:00+00:00,1.07148,1.07149,1.06989,1.07031,230
2024-01-16T21:45:00+00:00,1.07031,1.07071,1.07004,1.07027,147
2024-01-16T22:00:00+00:00,1.07027,1.07032,1.06971,1.06971,176
2024-01-16T22:15:00+00:00,1.06971,1.07028,1.06943,1.06966,198
2024-01-16T22:30:00+00:00,1.06966,1.07042,1.06946,1.07010,247
2024-01-16T22:45:00+00:00,1.07010,1.07130,1.07006,1.07086,351
2024-01-16T23:00:00+00:00,1.07086,1.07156,1.07080,1.07129,236
2024-01-16T23:15:00+00:00,1.07129,1.07178,1.07109,1.07167,327
2024-01-16T23:30:00+00:00,1.07167,1.07185,1.07132,1.07142,225
2024-01-16T23:45:00+00:00,1.07142,1.07159,1.07118,1.07123,162
2024-01-17T00:00:00+00:00,1.07123,1.07147,1.07064,1.07120,158
2024-01-17T00:15:00+00:00,1.07120,1.07128,1.07098,1.07111,242
2024-01-17T00:30:00+00:00,1.07111,1.07125,1.07049,1.07063,97
2024-01-17T00:45:00+00:00,1.07063,1.07145,1.06991,1.07103,155
2024-01-17T01:00:00+00:00,1.07103,1.07129,1.07048,1.07061,92
2024-01-17T01:15:00+00:00,1.07061,1.07144,1.07041,1.07115,154
2024-01-17T01:30:00+00:00,1.07115,1.07279,1.07071,1.07257,359
2024-01-17T01:45:00+00:00,1.07257,1.07427,1.07253,1.07400,231
2024-01-17T02:00:00+00:00,1.07400,1.07404,1.07284,1.07363,373
2024-01-17T02:15:00+00:00,1.07363,1.07390,1.07271,1.07317,306
2024-01-17T02:30:00+00:00,1.07317,1.07330,1.07306,1.07314,362
2024-01-17T02:45:00+00:00,1.07314,1.07334,1.07310,1.07329,396
2024-01-17T03:00:00+00:00,1.07329,1.07405,1.07321,1.07378,179
2024-01-17T03:15:00+00:00,1.07378,1.07421,1.07367,1.07402,222
2024-01-17T03:30:00+00:00,1.07402,1.07436,1.07376,1.07424,124
2024-01-17T03:45:00+00:00,1.07424,1.07454,1.07361,1.07365,331
2024-01-17T04:00:00+00:00,1.07365,1.07402,1.07284,1.07346,264
2024-01-17T04:15:00+00:00,1.07346,1.07384,1.07286,1.07315,298
2024-01-17T04:30:00+00:00,1.07315,1.07336,1.07284,1.07290,308
2024-01-17T04:45:00+00:00,1.07290,1.07369,1.07281,1.07360,307
2024-01-17T05:00:00+00:00,1.07360,1.07403,1.07343,1.07372,297
2024-01-17T05:15:00+00:00,1.07372,1.07405,1.07341,1.07401,380
2024-01-17T05:30:00+00:00,1.07401,1.07410,1.07360,1.07390,348
2024-01-17T05:45:00+00:00,1.07390,1.07586,1.07389,1.07575,382
2024-01-17T06:00:00+00:00,1.07575,1.07606,1.07519,1.07593,292
2024-01-17T06:15:00+00:00,1.07593,1.07697,1.07563,1.07682,370
2024-01-17T06:30:00+00:00,1.07682,1.07717,1.07670,1.07700,363
2024-01-17T06:45:00+00:00,1.07700,1.07828,1.07697,1.07772,234
2024-01-17T07:00:00+00:00,1.07772,1.07838,1.07741,1.07816,93
2024-01-17T07:15:00+00:00,1.07816,1.07821,1.07793,1.07810,233
2024-01-17T07:30:00+00:00,1.07810,1.07954,1.07767,1.07938,227
2024-01-17T07:45:00+00:00,1.07938,1.08002,1.07921,1.07972,205
2024-01-17T08:00:00+00:00,1.07972,1.08101,1.07892,1.08092,386
2024-01-17T08:15:00+00:00,1.08092,1.08119,1.08052,1.08118,369
2024-01-17T08:30:00+00:00,1.08118,1.08127,1.08063,1.08095,141
2024-01-17T08:45:00+00:00,1.08095,1.08129,1.07931,1.07966,88
2024-01-17T09:00:00+00:00,1.07966,1.08021,1.07941,1.08006,149
2024-01-17T09:15:00+00:00,1.08006,1.08052,1.07999,1.08046,264
2024-01-17T09:30:00+00:00,1.08046,1.08078,1.07936,1.07951,351
2024-01-17T09:45:00+00:00,1.07951,1.08019,1.07942,1.08011,179
2024-01-17T10:00:00+00:00,1.08011,1.08056,1.07970,1.08037,358
2024-01-17T10:15:00+00:00,1.08037,1.08126,1.08013,1.08115,234
2024-01-17T10:30:00+00:00,1.08115,1.08170,1.08091,1.08124,260
2024-01-17T10:45:00+00:00,1.08124,1.08205,1.08120,1.08203,345
2024-01-17T11:00:00+00:00,1.08203,1.08256,1.08145,1.08205,163
2024-01-17T11:15:00+00:00,1.08205,1.08313,1.08195,1.08299,193
2024-01-17T11:30:00+00:00,1.08299,1.08421,1.08256,1.08374,349
2024-01-17T11:45:00+00:00,1.08374,1.08401,1.08326,1.08365,138
2024-01-17T12:00:00+00:00,1.08365,1.08398,1.08261,1.08273,88
2024-01-17T12:15:00+00:00,1.08273,1.08344,1.08269,1.08318,265
2024-01-17T12:30:00+00:00,1.08318,1.08408,1.08281,1.08384,255
2024-01-17T12:45:00+00:00,1.08384,1.08414,1.08361,1.08402,140
2024-01-17T13:00:00+00:00,1.08402,1.08506,1.08389,1.08448,144
2024-01-17T13:15:00+00:00,1.08448,1.08527,1.08366,1.08506,297
2024-01-17T13:30:00+00:00,1.08506,1.08555,1.08448,1.08493,300
2024-01-17T13:45:00+00:00,1.08493,1.08581,1.08489,1.08567,342
2024-01-17T14:00:00+00:00,1.08567,1.08586,1.08529,1.08537,234
2024-01-17T14:15:00+00:00,1.08537,1.08578,1.08493,1.08553,143
2024-01-17T14:30:00+00:00,1.08553,1.08625,1.08538,1.08615,259
2024-01-17T14:45:00+00:00,1.08615,1.08636,1.08612,1.08619,222
2024-01-17T15:00:00+00:00,1.08619,1.08708,1.08601,1.08699,393
2024-01-17T15:15:00+00:00,1.08699,1.08788,1.08660,1.08786,130
2024-01-17T15:30:00+00:00,1.08786,1.08902,1.08739,1.08856,224
2024-01-17T15:45:00+00:00,1.08856,1.08890,1.08812,1.08866,82
2024-01-17T16:00:00+00:00,1.08866,1.08923,1.08858,1.08921,323
2024-01-17T16:15:00+00:00,1.08921,1.09045,1.08891,1.09018,305
2024-01-17T16:30:00+00:00,1.09018,1.09046,1.08975,1.09033,297
2024-01-17T16:45:00+00:00,1.09033,1.09038,1.08895,1.08916,137
2024-01-17T17:00:00+00:00,1.08916,1.08975,1.08881,1.08949,333
2024-01-17T17:15:00+00:00,1.08949,1.08997,1.08902,1.08993,365
2024-01-17T17:30:00+00:00,1.08993,1.09030,1.08963,1.09018,313
2024-01-17T17:45:00+00:00,1.09018,1.09070,1.09002,1.09049,307
2024-01-17T18:00:00+00:00,1.09049,1.09119,1.09018,1.09088,115
2024-01-17T18:15:00+00:00,1.09088,1.09155,1.09055,1.09112,268
2024-01-17T18:30:00+00:00,1.09112,1.09335,1.09098,1.09236,304
2024-01-17T18:45:00+00:00,1.09236,1.09313,1.09230,1.09268,141
2024-01-17T19:00:00+00:00,1.09268,1.09360,1.09256,1.09336,166
2024-01-17T19:15:00+00:00,1.09336,1.09427,1.09304,1.09352,253
2024-01-17T19:30:00+00:00,1.09352,1.09474,1.09334,1.09419,297
2024-01-17T19:45:00+00:00,1.09419,1.09478,1.09395,1.09474,377
2024-01-17T20:00:00+00:00,1.09474,1.09502,1.09399,1.09422,262
2024-01-17T20:15:00+00:00,1.09422,1.09462,1.09311,1.09317,287
2024-01-17T20:30:00+00:00,1.09317,1.09423,1.09297,1.09420,142
2024-01-17T20:45:00+00:00,1.09420,1.09505,1.09385,1.09505,148
2024-01-17T21:00:00+00:00,1.09505,1.09643,1.09488,1.09634,93
2024-01-17T21:15:00+00:00,1.09634,1.09663,1.09599,1.09604,247
2024-01-17T21:30:00+00:00,1.09604,1.09719,1.09595,1.09685,346
2024-01-17T21:45:00+00:00,1.09685,1.09737,1.09632,1.09731,183
2024-01-17T22:00:00+00:00,1.09731,1.09779,1.09694,1.09745,356
2024-01-17T22:15:00+00:00,1.09745,1.09847,1.09724,1.09776,96
2024-01-17T22:30:00+00:00,1.09776,1.09936,1.09752,1.09933,272
2024-01-17T22:45:00+00:00,1.09933,1.10018,1.09930,1.10011,170
2024-01-17T23:00:00+00:00,1.10011,1.10032,1.09918,1.09933,331
2024-01-17T23:15:00+00:00,1.09933,1.10079,1.09922,1.10056,279
2024-01-17T23:30:00+00:00,1.10056,1.10062,1.10036,1.10061,356
2024-01-17T23:45:00+00:00,1.10061,1.10091,1.10001,1.10016,160
2024-01-18T00:00:00+00:00,1.10016,1.10018,1.09911,1.09991,395
2024-01-18T00:15:00+00:00,1.09991,1.10054,1.09945,1.10031,225
2024-01-18T00:30:00+00:00,1.10031,1.10066,1.09976,1.10059,258
2024-01-18T00:45:00+00:00,1.10059,1.10141,1.10022,1.10126,400
2024-01-18T01:00:00+00:00,1.10126,1.10158,1.10110,1.10147,259
2024-01-18T01:15:00+00:00,1.10147,1.10249,1.10139,1.10228,200
2024-01-18T01:30:00+00:00,1.10228,1.10261,1.10206,1.10216,236
2024-01-18T01:45:00+00:00,1.10216,1.10253,1.10204,1.10239,355
2024-01-18T02:00:00+00:00,1.10239,1.10274,1.10214,1.10244,295
2024-01-18T02:15:00+00:00,1.10244,1.10249,1.10175,1.10221,381
2024-01-18T02:30:00+00:00,1.10221,1.10313,1.10197,1.10309,130
2024-01-18T02:45:00+00:00,1.10309,1.10328,1.10296,1.10323,185
2024-01-18T03:00:00+00:00,1.10323,1.10353,1.10320,1.10322,394
2024-01-18T03:15:00+00:00,1.10322,1.10347,1.10229,1.10304,183
2024-01-18T03:30:00+00:00,1.10304,1.10305,1.10211,1.10225,354
2024-01-18T03:45:00+00:00,1.10225,1.10230,1.10126,1.10149,232
2024-01-18T04:00:00+00:00,1.10149,1.10248,1.10142,1.10247,127
2024-01-18T04:15:00+00:00,1.10247,1.10390,1.10208,1.10382,383
2024-01-18T04:30:00+00:00,1.10382,1.10417,1.10371,1.10407,187
2024-01-18T04:45:00+00:00,1.10407,1.10414,1.10370,1.10380,234
2024-01-18T05:00:00+00:00,1.10380,1.10380,1.10353,1.10366,292
2024-01-18T05:15:00+00:00,1.10366,1.10401,1.10335,1.10359,312
2024-01-18T05:30:00+00:00,1.10359,1.10394,1.10328,1.10361,344
2024-01-18T05:45:00+00:00,1.10361,1.10386,1.10311,1.10341,189
2024-01-18T06:00:00+00:00,1.10341,1.10388,1.10297,1.10319,352
2024-01-18T06:15:00+00:00,1.10319,1.10361,1.10265,1.10339,302
2024-01-18T06:30:00+00:00,1.10339,1.10485,1.10321,1.10466,316
2024-01-18T06:45:00+00:00,1.10466,1.10529,1.10452,1.10519,233
2024-01-18T07:00:00+00:00,1.10519,1.10617,1.10477,1.10591,184
2024-01-18T07:15:00+00:00,1.10591,1.10605,1.10508,1.10528,226
2024-01-18T07:30:00+00:00,1.10528,1.10557,1.10503,1.10538,138
2024-01-18T07:45:00+00:00,1.10538,1.10544,1.10532,1.10540,238
2024-01-18T08:00:00+00:00,1.10540,1.10549,1.10464,1.10504,98
2024-01-18T08:15:00+00:00,1.10504,1.10583,1.10481,1.10576,94
2024-01-18T08:30:00+00:00,1.10576,1.10663,1.10566,1.10609,101
2024-01-18T08:45:00+00:00,1.10609,1.10650,1.10602,1.10617,90
2024-01-18T09:00:00+00:00,1.10617,1.10798,1.10607,1.10776,112
2024-01-18T09:15:00+00:00,1.10776,1.10886,1.10758,1.10861,266
2024-01-18T09:30:00+00:00,1.10861,1.10916,1.10795,1.10841,151
2024-01-18T09:45:00+00:00,1.10841,1.10953,1.10802,1.10950,336
2024-01-18T10:00:00+00:00,1.10950,1.11070,1.10915,1.11055,348
2024-01-18T10:15:00+00:00,1.11055,1.11056,1.10903,1.10966,201
2024-01-18T10:30:00+00:00,1.10966,1.10996,1.10899,1.10921,279
2024-01-18T10:45:00+00:00,1.10921,1.11082,1.10875,1.11065,296
2024-01-18T11:00:00+00:00,1.11065,1.11124,1.11060,1.11110,289
2024-01-18T11:15:00+00:00,1.11110,1.11198,1.11070,1.11196,331
2024-01-18T11:30:00+00:00,1.11196,1.11206,1.11116,1.11145,323
2024-01-18T11:45:00+00:00,1.11145,1.11265,1.11075,1.11234,154
2024-01-18T12:00:00+00:00,1.11234,1.11270,1.11209,1.11211,390
2024-01-18T12:15:00+00:00,1.11211,1.11288,1.11201,1.11240,107
2024-01-18T12:30:00+00:00,1.11240,1.11290,1.11237,1.11241,238
2024-01-18T12:45:00+00:00,1.11241,1.11387,1.11205,1.11357,142
2024-01-18T13:00:00+00:00,1.11357,1.11361,1.11350,1.11353,281
2024-01-18T13:15:00+00:00,1.11353,1.11456,1.11324,1.11396,234
2024-01-18T13:30:00+00:00,1.11396,1.11560,1.11394,1.11530,162
2024-01-18T13:45:00+00:00,1.11530,1.11647,1.11509,1.11611,288
2024-01-18T14:00:00+00:00,1.11611,1.11686,1.11565,1.11663,331
2024-01-18T14:15:00+00:00,1.11663,1.11783,1.11657,1.11753,250
2024-01-18T14:30:00+00:00,1.11753,1.11828,1.11729,1.11768,213
2024-01-18T14:45:00+00:00,1.11768,1.11796,1.11705,1.11706,388
2024-01-18T15:00:00+00:00,1.11706,1.11774,1.11685,1.11737,106
2024-01-18T15:15:00+00:00,1.11737,1.11871,1.11722,1.11859,307
2024-01-18T15:30:00+00:00,1.11859,1.11922,1.11824,1.11907,240
2024-01-18T15:45:00+00:00,1.11907,1.12009,1.11900,1.11996,207
2024-01-18T16:00:00+00:00,1.11996,1.12004,1.11854,1.11878,384
2024-01-18T16:15:00+00:00,1.11878,1.11899,1.11780,1.11829,243
2024-01-18T16:30:00+00:00,1.11829,1.11848,1.11740,1.11753,383
2024-01-18T16:45:00+00:00,1.11753,1.11845,1.11705,1.11820,181
2024-01-18T17:00:00+00:00,1.11820,1.11924,1.11798,1.11910,372
2024-01-18T17:15:00+00:00,1.11910,1.11998,1.11838,1.11986,365
2024-01-18T17:30:00+00:00,1.11986,1.12020,1.11908,1.11975,181
2024-01-18T17:45:00+00:00,1.11975,1.11980,1.11867,1.11926,105
2024-01-18T18:00:00+00:00,1.11926,1.11944,1.11913,1.11914,268
2024-01-18T18:15:00+00:00,1.11914,1.11998,1.11880,1.11980,87
2024-01-18T18:30:00+00:00,1.11980,1.12038,1.11951,1.12007,333
2024-01-18T18:45:00+00:00,1.12007,1.12050,1.11975,1.12015,177
2024-01-18T19:00:00+00:00,1.12015,1.12177,1.12010,1.12159,275
2024-01-18T19:15:00+00:00,1.12159,1.12338,1.12115,1.12297,387
2024-01-18T19:30:00+00:00,1.12297,1.12416,1.12294,1.12361,172
2024-01-18T19:45:00+00:00,1.12361,1.12376,1.12352,1.12362,228
2024-01-18T20:00:00+00:00,1.12362,1.12449,1.12341,1.12445,378
2024-01-18T20:15:00+00:00,1.12445,1.12512,1.12415,1.12499,85
2024-01-18T20:30:00+00:00,1.12499,1.12511,1.12389,1.12419,188
2024-01-18T20:45:00+00:00,1.12419,1.12460,1.12373,1.12449,385
2024-01-18T21:00:00+00:00,1.12449,1.12501,1.12424,1.12487,200
2024-01-18T21:15:00+00:00,1.12487,1.12574,1.12482,1.12546,390
2024-01-18T21:30:00+00:00,1.12546,1.12760,1.12506,1.12731,103
2024-01-18T21:45:00+00:00,1.12731,1.12767,1.12712,1.12713,275
2024-01-18T22:00:00+00:00,1.12713,1.12761,1.12659,1.12733,366
2024-01-18T22:15:00+00:00,1.12733,1.12904,1.12728,1.12886,166
2024-01-18T22:30:00+00:00,1.12886,1.12888,1.12775,1.12787,242
2024-01-18T22:45:00+00:00,1.12787,1.12811,1.12756,1.12804,213
2024-01-18T23:00:00+00:00,1.12804,1.12862,1.12761,1.12856,223
2024-01-18T23:15:00+00:00,1.12856,1.12983,1.12787,1.12982,224
2024-01-18T23:30:00+00:00,1.12982,1.13073,1.12949,1.13059,344
2024-01-18T23:45:00+00:00,1.13059,1.13084,1.12919,1.12978,241
2024-01-19T00:00:00+00:00,1.12978,1.13045,1.12941,1.13011,305
2024-01-19T00:15:00+00:00,1.13011,1.13042,1.13005,1.13026,197
2024-01-19T00:30:00+00:00,1.13026,1.13123,1.13008,1.13092,139
2024-01-19T00:45:00+00:00,1.13092,1.13256,1.13090,1.13188,100
2024-01-19T01:00:00+00:00,1.13188,1.13220,1.13027,1.13058,137
2024-01-19T01:15:00+00:00,1.13058,1.13106,1.13008,1.13071,143
2024-01-19T01:30:00+00:00,1.13071,1.13102,1.13059,1.13086,340
2024-01-19T01:45:00+00:00,1.13086,1.13252,1.13051,1.13235,379
2024-01-19T02:00:00+00:00,1.13235,1.13425,1.13184,1.13322,172
2024-01-19T02:15:00+00:00,1.13322,1.13373,1.13316,1.13363,335
2024-01-19T02:30:00+00:00,1.13363,1.13419,1.13300,1.13345,142
2024-01-19T02:45:00+00:00,1.13345,1.13429,1.13320,1.13397,134
2024-01-19T03:00:00+00:00,1.13397,1.13467,1.13348,1.13452,325
2024-01-19T03:15:00+00:00,1.13452,1.13617,1.13431,1.13545,384
2024-01-19T03:30:00+00:00,1.13545,1.13575,1.13505,1.13553,311
2024-01-19T03:45:00+00:00,1.13553,1.13635,1.13509,1.13613,371
2024-01-19T04:00:00+00:00,1.13613,1.13775,1.13605,1.13732,108
2024-01-19T04:15:00+00:00,1.13732,1.13733,1.13684,1.13722,388
2024-01-19T04:30:00+00:00,1.13722,1.13743,1.13680,1.13714,284
2024-01-19T04:45:00+00:00,1.13714,1.13940,1.13683,1.13891,163
2024-01-19T05:00:00+00:00,1.13891,1.13910,1.13835,1.13880,158
2024-01-19T05:15:00+00:00,1.13880,1.13906,1.13774,1.13798,301
2024-01-19T05:30:00+00:00,1.13798,1.13889,1.13764,1.13822,263
2024-01-19T05:45:00+00:00,1.13822,1.13850,1.13762,1.13811,342
2024-01-19T06:00:00+00:00,1.13811,1.13898,1.13793,1.13867,387
2024-01-19T06:15:00+00:00,1.13867,1.13978,1.13844,1.13933,268
2024-01-19T06:30:00+00:00,1.13933,1.13954,1.13913,1.13921,254
2024-01-19T06:45:00+00:00,1.13921,1.14008,1.13913,1.13964,159
2024-01-19T07:00:00+00:00,1.13964,1.14081,1.13956,1.14065,319
2024-01-19T07:15:00+00:00,1.14065,1.14141,1.14040,1.14080,324
2024-01-19T07:30:00+00:00,1.14080,1.14162,1.14051,1.14061,207
2024-01-19T07:45:00+00:00,1.14061,1.14086,1.14046,1.14050,104
2024-01-19T08:00:00+00:00,1.14050,1.14071,1.13921,1.13957,291
2024-01-19T08:15:00+00:00,1.13957,1.14022,1.13932,1.13985,371
2024-01-19T08:30:00+00:00,1.13985,1.14067,1.13941,1.14041,88
2024-01-19T08:45:00+00:00,1.14041,1.14074,1.13994,1.14023,171
2024-01-19T09:00:00+00:00,1.14023,1.14139,1.13993,1.14082,232
2024-01-19T09:15:00+00:00,1.14082,1.14152,1.14038,1.14134,310
2024-01-19T09:30:00+00:00,1.14134,1.14150,1.14074,1.14133,175
2024-01-19T09:45:00+00:00,1.14133,1.14144,1.14122,1.14142,389
2024-01-19T10:00:00+00:00,1.14142,1.14214,1.14136,1.14169,282
2024-01-19T10:15:00+00:00,1.14169,1.14221,1.14157,1.14207,324
2024-01-19T10:30:00+00:00,1.14207,1.14214,1.14153,1.14180,329
2024-01-19T10:45:00+00:00,1.14180,1.14198,1.14078,1.14130,395
2024-01-19T11:00:00+00:00,1.14130,1.14164,1.14094,1.14105,234
2024-01-19T11:15:00+00:00,1.14105,1.14119,1.14073,1.14081,177
2024-01-19T11:30:00+00:00,1.14081,1.14125,1.14023,1.14121,187
2024-01-19T11:45:00+00:00,1.14121,1.14148,1.14119,1.14131,203
2024-01-19T12:00:00+00:00,1.14131,1.14147,1.14080,1.14085,234
2024-01-19T12:15:00+00:00,1.14085,1.14087,1.14062,1.14079,296
2024-01-19T12:30:00+00:00,1.14079,1.14148,1.14052,1.14146,328
2024-01-19T12:45:00+00:00,1.14146,1.14311,1.14135,1.14253,379
2024-01-19T13:00:00+00:00,1.14253,1.14311,1.14239,1.14286,250
2024-01-19T13:15:00+00:00,1.14286,1.14328,1.14262,1.14264,301
2024-01-19T13:30:00+00:00,1.14264,1.14417,1.14261,1.14410,363
2024-01-19T13:45:00+00:00,1.14410,1.14418,1.14359,1.14359,284
2024-01-19T14:00:00+00:00,1.14359,1.14363,1.14275,1.14309,329
2024-01-19T14:15:00+00:00,1.14309,1.14310,1.14270,1.14280,89
2024-01-19T14:30:00+00:00,1.14280,1.14293,1.14205,1.14264,293
2024-01-19T14:45:00+00:00,1.14264,1.14354,1.14254,1.14342,398
2024-01-19T15:00:00+00:00,1.14342,1.14433,1.14340,1.14422,227
2024-01-19T15:15:00+00:00,1.14422,1.14444,1.14389,1.14439,304
2024-01-19T15:30:00+00:00,1.14439,1.14494,1.14416,1.14473,388
2024-01-19T15:45:00+00:00,1.14473,1.14501,1.14433,1.14471,319
2024-01-19T16:00:00+00:00,1.14471,1.14552,1.14453,1.14533,264
2024-01-19T16:15:00+00:00,1.14533,1.14549,1.14362,1.14413,162
2024-01-19T16:30:00+00:00,1.14413,1.14430,1.14405,1.14406,146
2024-01-19T16:45:00+00:00,1.14406,1.14414,1.14328,1.14344,331
2024-01-19T17:00:00+00:00,1.14344,1.14439,1.14318,1.14421,187
2024-01-19T17:15:00+00:00,1.14421,1.14552,1.14381,1.14446,263
2024-01-19T17:30:00+00:00,1.14446,1.14533,1.14415,1.14514,337
2024-01-19T17:45:00+00:00,1.14514,1.14645,1.14511,1.14634,300
2024-01-19T18:00:00+00:00,1.14634,1.14707,1.14602,1.14693,254
2024-01-19T18:15:00+00:00,1.14693,1.14704,1.14642,1.14692,365
2024-01-19T18:30:00+00:00,1.14692,1.14731,1.14679,1.14714,133
2024-01-19T18:45:00+00:00,1.14714,1.14733,1.14606,1.14672,304
2024-01-19T19:00:00+00:00,1.14672,1.14817,1.14669,1.14744,392
2024-01-19T19:15:00+00:00,1.14744,1.14789,1.14568,1.14606,132
2024-01-19T19:30:00+00:00,1.14606,1.14646,1.14572,1.14638,185
2024-01-19T19:45:00+00:00,1.14638,1.14729,1.14629,1.14714,229
2024-01-19T20:00:00+00:00,1.14714,1.14763,1.14651,1.14712,158
2024-01-19T20:15:00+00:00,1.14712,1.14753,1.14690,1.14737,150
2024-01-19T20:30:00+00:00,1.14737,1.14803,1.14686,1.14789,83
2024-01-19T20:45:00+00:00,1.14789,1.14794,1.14734,1.14793,254
2024-01-19T21:00:00+00:00,1.14793,1.14825,1.14788,1.14807,292
2024-01-19T21:15:00+00:00,1.14807,1.14953,1.14773,1.14924,157
2024-01-19T21:30:00+00:00,1.14924,1.14985,1.14920,1.14948,299
2024-01-19T21:45:00+00:00,1.14948,1.14974,1.14922,1.14938,314
2024-01-19T22:00:00+00:00,1.14938,1.15040,1.14909,1.15029,306
2024-01-19T22:15:00+00:00,1.15029,1.15032,1.14916,1.14919,344
2024-01-19T22:30:00+00:00,1.14919,1.14969,1.14886,1.14964,164
2024-01-19T22:45:00+00:00,1.14964,1.15169,1.14952,1.15141,98
2024-01-19T23:00:00+00:00,1.15141,1.15178,1.15107,1.15116,346
2024-01-19T23:15:00+00:00,1.15116,1.15155,1.15111,1.15124,363
2024-01-19T23:30:00+00:00,1.15124,1.15246,1.15114,1.15212,223
2024-01-19T23:45:00+00:00,1.15212,1.15315,1.15187,1.15282,155
2024-01-20T00:00:00+00:00,1.15282,1.15313,1.15271,1.15281,396
2024-01-20T00:15:00+00:00,1.15281,1.15400,1.15244,1.15373,287
2024-01-20T00:30:00+00:00,1.15373,1.15473,1.15341,1.15411,279
2024-01-20T00:45:00+00:00,1.15411,1.15475,1.15363,1.15468,144
2024-01-20T01:00:00+00:00,1.15468,1.15472,1.15404,1.15412,239
2024-01-20T01:15:00+00:00,1.15412,1.15550,1.15405,1.15500,161
2024-01-20T01:30:00+00:00,1.15500,1.15651,1.15477,1.15642,235
2024-01-20T01:45:00+00:00,1.15642,1.15661,1.15555,1.15648,136
2024-01-20T02:00:00+00:00,1.15648,1.15709,1.15646,1.15652,143
2024-01-20T02:15:00+00:00,1.15652,1.15782,1.15639,1.15740,143
2024-01-20T02:30:00+00:00,1.15740,1.15753,1.15655,1.15682,200
2024-01-20T02:45:00+00:00,1.15682,1.15731,1.15598,1.15700,369
2024-01-20T03:00:00+00:00,1.15700,1.15769,1.15656,1.15685,199
2024-01-20T03:15:00+00:00,1.15685,1.15700,1.15581,1.15601,373
2024-01-20T03:30:00+00:00,1.15601,1.15643,1.15549,1.15572,247
2024-01-20T03:45:00+00:00,1.15572,1.15601,1.15570,1.15581,264
2024-01-20T04:00:00+00:00,1.15581,1.15586,1.15536,1.15563,127
2024-01-20T04:15:00+00:00,1.15563,1.15664,1.15539,1.15605,323
2024-01-20T04:30:00+00:00,1.15605,1.15637,1.15592,1.15625,366
2024-01-20T04:45:00+00:00,1.15625,1.15655,1.15580,1.15584,215
2024-01-20T05:00:00+00:00,1.15584,1.15605,1.15478,1.15524,330
2024-01-20T05:15:00+00:00,1.15524,1.15538,1.15493,1.15535,163
2024-01-20T05:30:00+00:00,1.15535,1.15579,1.15531,1.15567,342
2024-01-20T05:45:00+00:00,1.15567,1.15577,1.15537,1.15548,188
2024-01-20T06:00:00+00:00,1.15548,1.15551,1.15525,1.15546,140
2024-01-20T06:15:00+00:00,1.15546,1.15646,1.15527,1.15622,141
2024-01-20T06:30:00+00:00,1.15622,1.15640,1.15584,1.15599,236
2024-01-20T06:45:00+00:00,1.15599,1.15632,1.15598,1.15606,328
2024-01-20T07:00:00+00:00,1.15606,1.15653,1.15599,1.15650,236
2024-01-20T07:15:00+00:00,1.15650,1.15666,1.15585,1.15599,330
2024-01-20T07:30:00+00:00,1.15599,1.15685,1.15591,1.15685,326
2024-01-20T07:45:00+00:00,1.15685,1.15737,1.15667,1.15702,252
2024-01-20T08:00:00+00:00,1.15702,1.15758,1.15694,1.15725,150
2024-01-20T08:15:00+00:00,1.15725,1.15758,1.15653,1.15654,310
2024-01-20T08:30:00+00:00,1.15654,1.15668,1.15644,1.15646,399
2024-01-20T08:45:00+00:00,1.15646,1.15661,1.15602,1.15629,199
2024-01-20T09:00:00+00:00,1.15629,1.15697,1.15586,1.15681,306
2024-01-20T09:15:00+00:00,1.15681,1.15718,1.15638,1.15714,164
2024-01-20T09:30:00+00:00,1.15714,1.15752,1.15688,1.15701,367
2024-01-20T09:45:00+00:00,1.15701,1.15728,1.15584,1.15618,123
2024-01-20T10:00:00+00:00,1.15618,1.15694,1.15610,1.15655,371
2024-01-20T10:15:00+00:00,1.15655,1.15704,1.15645,1.15652,337
2024-01-20T10:30:00+00:00,1.15652,1.15692,1.15635,1.15683,89
2024-01-20T10:45:00+00:00,1.15683,1.15686,1.15654,1.15674,376
2024-01-20T11:00:00+00:00,1.15674,1.15693,1.15554,1.15577,103
2024-01-20T11:15:00+00:00,1.15577,1.15647,1.15541,1.15545,254
2024-01-20T11:30:00+00:00,1.15545,1.15557,1.15476,1.15492,211
2024-01-20T11:45:00+00:00,1.15492,1.15563,1.15411,1.15457,357
2024-01-20T12:00:00+00:00,1.15457,1.15492,1.15456,1.15477,237
2024-01-20T12:15:00+00:00,1.15477,1.15551,1.15464,1.15507,110
2024-01-20T12:30:00+00:00,1.15507,1.15525,1.15461,1.15471,279
2024-01-20T12:45:00+00:00,1.15471,1.15491,1.15461,1.15478,245
2024-01-20T13:00:00+00:00,1.15478,1.15549,1.15466,1.15474,202
2024-01-20T13:15:00+00:00,1.15474,1.15474,1.15425,1.15465,332
2024-01-20T13:30:00+00:00,1.15465,1.15467,1.15374,1.15396,242
2024-01-20T13:45:00+00:00,1.15396,1.15426,1.15376,1.15383,327
2024-01-20T14:00:00+00:00,1.15383,1.15476,1.15378,1.15468,363
2024-01-20T14:15:00+00:00,1.15468,1.15512,1.15454,1.15464,206
2024-01-20T14:30:00+00:00,1.15464,1.15515,1.15436,1.15472,308
2024-01-20T14:45:00+00:00,1.15472,1.15565,1.15450,1.15528,184
2024-01-20T15:00:00+00:00,1.15528,1.15551,1.15510,1.15535,205
2024-01-20T15:15:00+00:00,1.15535,1.15565,1.15518,1.15526,364
2024-01-20T15:30:00+00:00,1.15526,1.15526,1.15468,1.15523,228
2024-01-20T15:45:00+00:00,1.15523,1.15557,1.15508,1.15547,110
2024-01-20T16:00:00+00:00,1.15547,1.15623,1.15500,1.15609,274
2024-01-20T16:15:00+00:00,1.15609,1.15667,1.15541,1.15541,188
2024-01-20T16:30:00+00:00,1.15541,1.15560,1.15431,1.15478,368
2024-01-20T16:45:00+00:00,1.15478,1.15515,1.15472,1.15504,142
2024-01-20T17:00:00+00:00,1.15504,1.15590,1.15442,1.15548,187
2024-01-20T17:15:00+00:00,1.15548,1.15606,1.15496,1.15544,242
2024-01-20T17:30:00+00:00,1.15544,1.15698,1.15489,1.15649,311
2024-01-20T17:45:00+00:00,1.15649,1.15656,1.15476,1.15520,244
2024-01-20T18:00:00+00:00,1.15520,1.15548,1.15476,1.15480,148
2024-01-20T18:15:00+00:00,1.15480,1.15481,1.15468,1.15470,323
2024-01-20T18:30:00+00:00,1.15470,1.15474,1.15452,1.15474,330
2024-01-20T18:45:00+00:00,1.15474,1.15540,1.15437,1.15537,119
2024-01-20T19:00:00+00:00,1.15537,1.15552,1.15396,1.15409,143
2024-01-20T19:15:00+00:00,1.15409,1.15442,1.15300,1.15344,387
2024-01-20T19:30:00+00:00,1.15344,1.15359,1.15310,1.15315,84
2024-01-20T19:45:00+00:00,1.15315,1.15335,1.15196,1.15217,178
2024-01-20T20:00:00+00:00,1.15217,1.15224,1.15146,1.15171,263
2024-01-20T20:15:00+00:00,1.15171,1.15190,1.15118,1.15170,400
2024-01-20T20:30:00+00:00,1.15170,1.15215,1.15128,1.15132,265
2024-01-20T20:45:00+00:00,1.15132,1.15228,1.15124,1.15194,390
2024-01-20T21:00:00+00:00,1.15194,1.15216,1.15181,1.15197,222
2024-01-20T21:15:00+00:00,1.15197,1.15228,1.15120,1.15134,362
2024-01-20T21:30:00+00:00,1.15134,1.15206,1.15115,1.15160,169
2024-01-20T21:45:00+00:00,1.15160,1.15174,1.15073,1.15079,113
2024-01-20T22:00:00+00:00,1.15079,1.15218,1.15041,1.15168,220
2024-01-20T22:15:00+00:00,1.15168,1.15184,1.15019,1.15061,352
2024-01-20T22:30:00+00:00,1.15061,1.15091,1.14982,1.14983,298
2024-01-20T22:45:00+00:00,1.14983,1.15028,1.14915,1.14971,106
2024-01-20T23:00:00+00:00,1.14971,1.15014,1.14953,1.14993,142
2024-01-20T23:15:00+00:00,1.14993,1.15007,1.14901,1.14931,265
2024-01-20T23:30:00+00:00,1.14931,1.14932,1.14901,1.14902,295
2024-01-20T23:45:00+00:00,1.14902,1.14928,1.14868,1.14873,280
2024-01-21T00:00:00+00:00,1.14873,1.14885,1.14864,1.14870,195
2024-01-21T00:15:00+00:00,1.14870,1.14901,1.14848,1.14852,118
2024-01-21T00:30:00+00:00,1.14852,1.14884,1.14847,1.14874,400
2024-01-21T00:45:00+00:00,1.14874,1.14909,1.14855,1.14881,92
2024-01-21T01:00:00+00:00,1.14881,1.14904,1.14786,1.14798,135
2024-01-21T01:15:00+00:00,1.14798,1.14899,1.14785,1.14824,107
2024-01-21T01:30:00+00:00,1.14824,1.14875,1.14823,1.14842,387
2024-01-21T01:45:00+00:00,1.14842,1.14889,1.14807,1.14852,400
2024-01-21T02:00:00+00:00,1.14852,1.14857,1.14742,1.14808,273
2024-01-21T02:15:00+00:00,1.14808,1.14831,1.14719,1.14773,113
2024-01-21T02:30:00+00:00,1.14773,1.14783,1.14759,1.14763,392
2024-01-21T02:45:00+00:00,1.14763,1.14770,1.14721,1.14728,108
2024-01-21T03:00:00+00:00,1.14728,1.14738,1.14657,1.14666,290
2024-01-21T03:15:00+00:00,1.14666,1.14673,1.14626,1.14669,399
2024-01-21T03:30:00+00:00,1.14669,1.14714,1.14652,1.14712,397
2024-01-21T03:45:00+00:00,1.14712,1.14747,1.14552,1.14577,93
2024-01-21T04:00:00+00:00,1.14577,1.14585,1.14505,1.14510,384
2024-01-21T04:15:00+00:00,1.14510,1.14528,1.14470,1.14519,179
2024-01-21T04:30:00+00:00,1.14519,1.14536,1.14491,1.14527,326
2024-01-21T04:45:00+00:00,1.14527,1.14533,1.14475,1.14507,204
2024-01-21T05:00:00+00:00,1.14507,1.14514,1.14473,1.14501,342
2024-01-21T05:15:00+00:00,1.14501,1.14589,1.14488,1.14540,239
2024-01-21T05:30:00+00:00,1.14540,1.14559,1.14436,1.14457,388
2024-01-21T05:45:00+00:00,1.14457,1.14508,1.14433,1.14492,84
2024-01-21T06:00:00+00:00,1.14492,1.14497,1.14372,1.14386,366
2024-01-21T06:15:00+00:00,1.14386,1.14421,1.14361,1.14401,180
2024-01-21T06:30:00+00:00,1.14401,1.14473,1.14398,1.14467,176
2024-01-21T06:45:00+00:00,1.14467,1.14491,1.14427,1.14469,319
2024-01-21T07:00:00+00:00,1.14469,1.14484,1.14337,1.14405,395
2024-01-21T07:15:00+00:00,1.14405,1.14413,1.14286,1.14312,133
2024-01-21T07:30:00+00:00,1.14312,1.14327,1.14169,1.14189,81
2024-01-21T07:45:00+00:00,1.14189,1.14219,1.14144,1.14180,318
2024-01-21T08:00:00+00:00,1.14180,1.14195,1.14120,1.14127,249
2024-01-21T08:15:00+00:00,1.14127,1.14137,1.13931,1.13958,284
2024-01-21T08:30:00+00:00,1.13958,1.14092,1.13950,1.14009,95
2024-01-21T08:45:00+00:00,1.14009,1.14025,1.13999,1.14005,305
2024-01-21T09:00:00+00:00,1.14005,1.14047,1.14004,1.14010,95
2024-01-21T09:15:00+00:00,1.14010,1.14018,1.13946,1.13969,192
2024-01-21T09:30:00+00:00,1.13969,1.14050,1.13949,1.14018,171
2024-01-21T09:45:00+00:00,1.14018,1.14066,1.14001,1.14060,214
2024-01-21T10:00:00+00:00,1.14060,1.14063,1.14034,1.14047,136
2024-01-21T10:15:00+00:00,1.14047,1.14058,1.13953,1.13970,313
2024-01-21T10:30:00+00:00,1.13970,1.14025,1.13915,1.13953,399
2024-01-21T10:45:00+00:00,1.13953,1.13999,1.13766,1.13808,113
2024-01-21T11:00:00+00:00,1.13808,1.13917,1.13795,1.13875,352
2024-01-21T11:15:00+00:00,1.13875,1.13900,1.13855,1.13879,386
2024-01-21T11:30:00+00:00,1.13879,1.13897,1.13732,1.13777,380
2024-01-21T11:45:00+00:00,1.13777,1.13790,1.13668,1.13703,156
2024-01-21T12:00:00+00:00,1.13703,1.13712,1.13651,1.13668,340
2024-01-21T12:15:00+00:00,1.13668,1.13729,1.13513,1.13525,187
2024-01-21T12:30:00+00:00,1.13525,1.13577,1.13474,1.13484,165
2024-01-21T12:45:00+00:00,1.13484,1.13534,1.13375,1.13378,340
2024-01-21T13:00:00+00:00,1.13378,1.13404,1.13280,1.13300,349
2024-01-21T13:15:00+00:00,1.13300,1.13375,1.13256,1.13359,333
2024-01-21T13:30:00+00:00,1.13359,1.13365,1.13219,1.13254,98
2024-01-21T13:45:00+00:00,1.13254,1.13271,1.13084,1.13146,311
2024-01-21T14:00:00+00:00,1.13146,1.13180,1.13124,1.13157,372
2024-01-21T14:15:00+00:00,1.13157,1.13279,1.13109,1.13248,210
2024-01-21T14:30:00+00:00,1.13248,1.13253,1.13161,1.13189,260
2024-01-21T14:45:00+00:00,1.13189,1.13195,1.13180,1.13194,342
2024-01-21T15:00:00+00:00,1.13194,1.13215,1.13089,1.13119,334
2024-01-21T15:15:00+00:00,1.13119,1.13131,1.13076,1.13103,171
2024-01-21T15:30:00+00:00,1.13103,1.13111,1.12973,1.13030,230
2024-01-21T15:45:00+00:00,1.13030,1.13080,1.13000,1.13060,120
2024-01-21T16:00:00+00:00,1.13060,1.13128,1.13051,1.13061,99
2024-01-21T16:15:00+00:00,1.13061,1.13087,1.13038,1.13045,248
2024-01-21T16:30:00+00:00,1.13045,1.13095,1.13009,1.13015,177
2024-01-21T16:45:00+00:00,1.13015,1.13044,1.12768,1.12870,358
2024-01-21T17:00:00+00:00,1.12870,1.12872,1.12830,1.12847,286
2024-01-21T17:15:00+00:00,1.12847,1.12975,1.12828,1.12922,86
2024-01-21T17:30:00+00:00,1.12922,1.12929,1.12820,1.12821,283
2024-01-21T17:45:00+00:00,1.12821,1.12827,1.12708,1.12756,187
2024-01-21T18:00:00+00:00,1.12756,1.12762,1.12642,1.12653,316
2024-01-21T18:15:00+00:00,1.12653,1.12660,1.12513,1.12524,176
2024-01-21T18:30:00+00:00,1.12524,1.12554,1.12335,1.12363,365
2024-01-21T18:45:00+00:00,1.12363,1.12379,1.12360,1.12363,145
2024-01-21T19:00:00+00:00,1.12363,1.12409,1.12253,1.12297,261
2024-01-21T19:15:00+00:00,1.12297,1.12314,1.12239,1.12265,286
2024-01-21T19:30:00+00:00,1.12265,1.12311,1.12228,1.12240,370
2024-01-21T19:45:00+00:00,1.12240,1.12299,1.12174,1.12284,158
